# This file is brought to you by Roblox Corporation
# Generated by Roblox Studio

mtllib Switch.mtl

g Light1

v -1.3125 2.125 0.312502 
v -1.3125 2.5 0.312502 
v -1.3125 2.125 0.187502 
v -1.3125 2.5 0.187502 
v -0.1875 2.5 0.312502 
v -1.3125 2.5 0.312502 
v -0.1875 2.125 0.312502 
v -1.3125 2.125 0.312502 
v -1.3125 2.5 0.312502 
v -0.1875 2.5 0.312502 
v -1.3125 2.5 0.187502 
v -0.1875 2.5 0.187502 
v -0.1875 2.5 0.312502 
v -0.1875 2.125 0.312502 
v -0.1875 2.5 0.187502 
v -0.1875 2.125 0.187502 
v -0.1875 2.125 0.187502 
v -1.3125 2.125 0.187502 
v -0.1875 2.5 0.187502 
v -1.3125 2.5 0.187502 
v -0.1875 2.125 0.312502 
v -1.3125 2.125 0.312502 
v -0.1875 2.125 0.187502 
v -1.3125 2.125 0.187502 

vn -1 0 0 
vn -1 0 0 
vn -1 0 0 
vn -1 0 0 
vn 0 0 1 
vn 0 0 1 
vn 0 0 1 
vn 0 0 1 
vn 0 1 0 
vn 0 1 0 
vn 0 1 0 
vn 0 1 0 
vn 1 0 0 
vn 1 0 0 
vn 1 0 0 
vn 1 0 0 
vn 0 0 -1 
vn 0 0 -1 
vn 0 0 -1 
vn 0 0 -1 
vn 0 -1 0 
vn 0 -1 0 
vn 0 -1 0 
vn 0 -1 0 

vt 2.79688 -1.5 
vt 2.75 -1.5 
vt 2.79688 -1.51562 
vt 2.75 -1.51562 
vt 2.89062 -1.5 
vt 2.75 -1.5 
vt 2.89062 -1.54688 
vt 2.75 -1.54688 
vt 2.89062 -1.5 
vt 2.75 -1.5 
vt 2.89062 -1.51562 
vt 2.75 -1.51562 
vt 2.79688 -1.5 
vt 2.75 -1.5 
vt 2.79688 -1.51562 
vt 2.75 -1.51562 
vt 2.89062 -1.5 
vt 2.75 -1.5 
vt 2.89062 -1.54688 
vt 2.75 -1.54688 
vt 2.89062 -1.5 
vt 2.75 -1.5 
vt 2.89062 -1.51562 
vt 2.75 -1.51562 

usemtl Light1Mtl

f 1/1/1 2/2/2 3/3/3 
f 3/3/3 2/2/2 4/4/4 
f 5/5/5 6/6/6 7/7/7 
f 7/7/7 6/6/6 8/8/8 
f 9/9/9 10/10/10 11/11/11 
f 11/11/11 10/10/10 12/12/12 
f 13/13/13 14/14/14 15/15/15 
f 15/15/15 14/14/14 16/16/16 
f 17/17/17 18/18/18 19/19/19 
f 19/19/19 18/18/18 20/20/20 
f 21/21/21 22/22/22 23/23/23 
f 23/23/23 22/22/22 24/24/24 

g Part1

v -1.3375 2.1 0.237502 
v -1.3375 2.525 0.237502 
v -1.3375 2.1 0.187502 
v -1.3375 2.525 0.187502 
v -0.1625 2.525 0.237502 
v -1.3375 2.525 0.237502 
v -0.1625 2.1 0.237502 
v -1.3375 2.1 0.237502 
v -1.3375 2.525 0.237502 
v -0.1625 2.525 0.237502 
v -1.3375 2.525 0.187502 
v -0.1625 2.525 0.187502 
v -0.1625 2.525 0.237502 
v -0.1625 2.1 0.237502 
v -0.1625 2.525 0.187502 
v -0.1625 2.1 0.187502 
v -0.1625 2.1 0.187502 
v -1.3375 2.1 0.187502 
v -0.1625 2.525 0.187502 
v -1.3375 2.525 0.187502 
v -0.1625 2.1 0.237502 
v -1.3375 2.1 0.237502 
v -0.1625 2.1 0.187502 
v -1.3375 2.1 0.187502 

vn -1 0 0 
vn -1 0 0 
vn -1 0 0 
vn -1 0 0 
vn 0 0 1 
vn 0 0 1 
vn 0 0 1 
vn 0 0 1 
vn 0 1 0 
vn 0 1 0 
vn 0 1 0 
vn 0 1 0 
vn 1 0 0 
vn 1 0 0 
vn 1 0 0 
vn 1 0 0 
vn 0 0 -1 
vn 0 0 -1 
vn 0 0 -1 
vn 0 0 -1 
vn 0 -1 0 
vn 0 -1 0 
vn 0 -1 0 
vn 0 -1 0 

vt 4.05312 -4.75 
vt 4 -4.75 
vt 4.05312 -4.75625 
vt 4 -4.75625 
vt 4.14687 -4.75 
vt 4 -4.75 
vt 4.14687 -4.80312 
vt 4 -4.80312 
vt 4.14687 -4.75 
vt 4 -4.75 
vt 4.14687 -4.75625 
vt 4 -4.75625 
vt 4.05312 -4.75 
vt 4 -4.75 
vt 4.05312 -4.75625 
vt 4 -4.75625 
vt 4.14687 -4.75 
vt 4 -4.75 
vt 4.14687 -4.80312 
vt 4 -4.80312 
vt 4.14687 -4.75 
vt 4 -4.75 
vt 4.14687 -4.75625 
vt 4 -4.75625 

usemtl Part1Mtl

f 25/25/25 26/26/26 27/27/27 
f 27/27/27 26/26/26 28/28/28 
f 29/29/29 30/30/30 31/31/31 
f 31/31/31 30/30/30 32/32/32 
f 33/33/33 34/34/34 35/35/35 
f 35/35/35 34/34/34 36/36/36 
f 37/37/37 38/38/38 39/39/39 
f 39/39/39 38/38/38 40/40/40 
f 41/41/41 42/42/42 43/43/43 
f 43/43/43 42/42/42 44/44/44 
f 45/45/45 46/46/46 47/47/47 
f 47/47/47 46/46/46 48/48/48 

g Part2

v -1.3125 -1.32155 0.673419 
v -1.3125 1.38667 0.195887 
v -1.3125 -1.43008 0.0579146 
v -1.3125 1.27814 -0.419618 
v -0.1875 1.38667 0.195887 
v -1.3125 1.38667 0.195887 
v -0.1875 -1.32155 0.673419 
v -1.3125 -1.32155 0.673419 
v -1.3125 1.38667 0.195887 
v -0.1875 1.38667 0.195887 
v -1.3125 1.27814 -0.419618 
v -0.1875 1.27814 -0.419618 
v -0.1875 1.38667 0.195887 
v -0.1875 -1.32155 0.673419 
v -0.1875 1.27814 -0.419618 
v -0.1875 -1.43008 0.0579146 
v -0.1875 -1.43008 0.0579146 
v -1.3125 -1.43008 0.0579146 
v -0.1875 1.27814 -0.419618 
v -1.3125 1.27814 -0.419618 
v -0.1875 -1.32155 0.673419 
v -1.3125 -1.32155 0.673419 
v -0.1875 -1.43008 0.0579146 
v -1.3125 -1.43008 0.0579146 

vn -1 0 0 
vn -1 0 0 
vn -1 0 0 
vn -1 0 0 
vn 0 0.173228 0.984252 
vn 0 0.173228 0.984252 
vn 0 0.173228 0.984252 
vn 0 0.173228 0.984252 
vn 0 0.984252 -0.173228 
vn 0 0.984252 -0.173228 
vn 0 0.984252 -0.173228 
vn 0 0.984252 -0.173228 
vn 1 0 0 
vn 1 0 0 
vn 1 0 0 
vn 1 0 0 
vn 0 -0.173228 -0.984252 
vn 0 -0.173228 -0.984252 
vn 0 -0.173228 -0.984252 
vn 0 -0.173228 -0.984252 
vn 0 -0.984252 0.173228 
vn 0 -0.984252 0.173228 
vn 0 -0.984252 0.173228 
vn 0 -0.984252 0.173228 

vt 7.59375 -6.5 
vt 7.25 -6.5 
vt 7.59375 -6.57812 
vt 7.25 -6.57812 
vt 7.39062 -6.5 
vt 7.25 -6.5 
vt 7.39062 -6.84375 
vt 7.25 -6.84375 
vt 7.39062 -6.5 
vt 7.25 -6.5 
vt 7.39062 -6.57812 
vt 7.25 -6.57812 
vt 7.59375 -6.5 
vt 7.25 -6.5 
vt 7.59375 -6.57812 
vt 7.25 -6.57812 
vt 7.39062 -6.5 
vt 7.25 -6.5 
vt 7.39062 -6.84375 
vt 7.25 -6.84375 
vt 7.39062 -6.5 
vt 7.25 -6.5 
vt 7.39062 -6.57812 
vt 7.25 -6.57812 

usemtl Part2Mtl

f 49/49/49 50/50/50 51/51/51 
f 51/51/51 50/50/50 52/52/52 
f 53/53/53 54/54/54 55/55/55 
f 55/55/55 54/54/54 56/56/56 
f 57/57/57 58/58/58 59/59/59 
f 59/59/59 58/58/58 60/60/60 
f 61/61/61 62/62/62 63/63/63 
f 63/63/63 62/62/62 64/64/64 
f 65/65/65 66/66/66 67/67/67 
f 67/67/67 66/66/66 68/68/68 
f 69/69/69 70/70/70 71/71/71 
f 71/71/71 70/70/70 72/72/72 

g T1

v 1.1875 0.25 0.0625018 
v 0.75 1.125 0.0625018 
v 1.1875 0.25 0.187502 
v 0.75 1.125 0.187502 
v 1.1875 0.25 0.0625018 
v 1.1875 0.25 0.187502 
v 0.994173 0.25 0.0625018 
v 0.75 0.25 0.187502 
v 0.75 0.25 0.0625018 
v 0.75 1.125 0.0625018 
v 0.3125 0.25 0.0625018 
v 0.75 1.125 0.187502 
v 0.3125 0.25 0.187502 
v 0.746452 1.1179 0.187502 
v 0.3125 0.25 0.0625018 
v 0.746452 0.25 0.0625018 
v 0.3125 0.25 0.187502 
v 0.75 0.25 0.0625018 
v 0.75 0.25 0.187502 
v 0.509376 0.375 0.0625018 
v 0.749999 0.824989 0.0625018 
v 0.509376 0.375 0.187502 
v 0.749999 0.824989 0.187502 
v 0.509376 0.375 0.0625018 
v 0.509376 0.375 0.187502 
v 0.749999 0.375 0.0625018 
v 0.749999 0.375 0.187502 
v 0.75 1.125 0.187502 
v 0.746452 1.1179 0.187502 
v 0.509376 0.375 0.187502 
v 0.3125 0.25 0.187502 
v 0.749999 0.824989 0.0625018 
v 0.509376 0.375 0.0625018 
v 0.749999 0.824997 0.0625018 
v 0.75 1.125 0.0625018 
v 0.749999 0.824997 0.187502 
v 0.749999 0.824989 0.187502 
v 0.749999 0.824997 0.187502 
v 0.749999 0.824989 0.187502 
v 0.749999 0.824997 0.0625018 
v 0.749999 0.824989 0.0625018 
v 0.75 0.375 0.0625018 
v 0.749999 0.375 0.187502 
v 0.990626 0.375 0.0625018 
v 0.749999 0.375 0.0625018 
v 0.75 0.375 0.187502 
v 0.990626 0.375 0.187502 
v 0.749999 0.375 0.0625018 
v 0.746452 0.25 0.0625018 
v 0.75 0.25 0.0625018 
v 0.75 0.375 0.0625018 
v 0.990626 0.375 0.0625018 
v 0.75 0.375 0.187502 
v 0.75 0.25 0.187502 
v 0.990626 0.375 0.187502 
v 1.1875 0.25 0.187502 
v 0.75 0.375 0.0625018 
v 0.75 0.25 0.0625018 
v 0.749999 0.375 0.187502 
v 0.75 0.375 0.187502 
v 0.75 0.824997 0.0625018 
v 0.990626 0.375 0.187502 
v 0.749999 0.824997 0.0625018 
v 0.990626 0.375 0.0625018 
v 0.75 0.824997 0.187502 
v 0.749999 0.824997 0.187502 
v 0.75 0.824997 0.187502 
v 0.75 0.824997 0.0625018 
v 0.75 1.125 0.187502 
v 0.75 0.824997 0.187502 
v 0.75 0.824997 0.0625018 
v 0.75 1.125 0.0625018 
v 1.1875 0.25 0.0625018 
v 0.994173 0.25 0.0625018 
v 0.3125 0.25 0.0625018 
v 0.75 0.25 0.187502 

vn 0.866142 0.496063 0 
vn 0.866142 0.496063 0 
vn 0.866142 0.496063 0 
vn 0.866142 0.496063 0 
vn 0 -1 0 
vn 0 -1 0 
vn 0 -1 0 
vn 0 -1 0 
vn 0 -1 0 
vn -0.866142 0.496063 0 
vn -0.866142 0.496063 0 
vn -0.866142 0.496063 0 
vn -0.866142 0.496063 0 
vn -0.866142 0.496063 0 
vn 0 -1 0 
vn 0 -1 0 
vn 0 -1 0 
vn 0 -1 0 
vn 0 -1 0 
vn 0.850394 -0.519685 0 
vn 0.850394 -0.519685 0 
vn 0.850394 -0.519685 0 
vn 0.850394 -0.519685 0 
vn 0 1 0 
vn 0 1 0 
vn 0 1 0 
vn 0 1 0 
vn 0 0 1 
vn 0 0 1 
vn 0 0 1 
vn 0 0 1 
vn 0 0 -1 
vn 0 0 -1 
vn 0 0 -1 
vn 0 0 -1 
vn 0 0 1 
vn 0 0 1 
vn 1 0 0 
vn 1 0 0 
vn 1 0 0 
vn 1 0 0 
vn 0 1 0 
vn 0 1 0 
vn 0 1 0 
vn 0 1 0 
vn 0 1 0 
vn 0 1 0 
vn 0 0 -1 
vn 0 0 -1 
vn 0 0 -1 
vn 0 0 -1 
vn 0 0 -1 
vn 0 0 1 
vn 0 0 1 
vn 0 0 1 
vn 0 0 1 
vn 0 0 -1 
vn 0 0 -1 
vn 0 0 1 
vn 0 0 1 
vn -0.850394 -0.519685 0 
vn -0.850394 -0.519685 0 
vn -0.850394 -0.519685 0 
vn -0.850394 -0.519685 0 
vn -0.850394 -0.519685 0 
vn -0.850394 -0.519685 0 
vn 0 0 1 
vn 0 0 -1 
vn 0 0 1 
vn 0 0 1 
vn 0 0 -1 
vn 0 0 -1 
vn 0 0 -1 
vn 0 0 -1 
vn 0 0 -1 
vn 0 0 1 

vt 1.99219 -52.9453 
vt 1.99219 -53.0547 
vt 2.00781 -52.9453 
vt 2.00781 -53.0547 
vt 1.99219 -53.0547 
vt 2.00781 -53.0547 
vt 1.99219 -53.0305 
vt 2.00781 -53 
vt 1.99219 -53 
vt 2.00781 -53.0547 
vt 2.00781 -52.9453 
vt 1.99219 -53.0547 
vt 1.99219 -52.9453 
vt 1.99219 -53.0538 
vt 1.99219 -52.9453 
vt 1.99219 -52.9996 
vt 2.00781 -52.9453 
vt 1.99219 -53 
vt 2.00781 -53 
vt 1.99219 -52.9609 
vt 1.99219 -53.0172 
vt 2.00781 -52.9609 
vt 2.00781 -53.0172 
vt 2.00781 -52.9699 
vt 1.99219 -52.9699 
vt 2.00781 -53 
vt 1.99219 -53 
vt 2.05469 -53 
vt 2.0538 -52.9996 
vt 1.96094 -52.9699 
vt 1.94531 -52.9453 
vt 1.98281 -53 
vt 2.03906 -52.9699 
vt 1.98281 -53 
vt 1.94531 -53 
vt 2.01719 -53 
vt 2.01719 -53 
vt 2.00781 -53.0172 
vt 2.00781 -53.0172 
vt 1.99219 -53.0172 
vt 1.99219 -53.0172 
vt 2.00781 -53 
vt 1.99219 -53 
vt 2.00781 -53.0301 
vt 2.00781 -53 
vt 1.99219 -53 
vt 1.99219 -53.0301 
vt 2.03906 -53 
vt 2.05469 -52.9996 
vt 2.05469 -53 
vt 2.03906 -53 
vt 2.03906 -53.0301 
vt 1.96094 -53 
vt 1.94531 -53 
vt 1.96094 -53.0301 
vt 1.94531 -53.0547 
vt 2.03906 -53 
vt 2.05469 -53 
vt 1.96094 -53 
vt 1.96094 -53 
vt 2.00781 -53.0172 
vt 1.99219 -52.9609 
vt 2.00781 -53.0172 
vt 2.00781 -52.9609 
vt 1.99219 -53.0172 
vt 1.99219 -53.0172 
vt 2.01719 -53 
vt 1.98281 -53 
vt 2.05469 -53 
vt 2.01719 -53 
vt 1.98281 -53 
vt 1.94531 -53 
vt 2.05469 -53.0547 
vt 2.05469 -53.0305 
vt 2.05469 -52.9453 
vt 1.94531 -53 

usemtl T1Mtl

f 73/73/73 74/74/74 75/75/75 
f 76/76/76 75/75/75 74/74/74 
f 77/77/77 78/78/78 79/79/79 
f 78/78/78 80/80/80 79/79/79 
f 80/80/80 81/81/81 79/79/79 
f 82/82/82 83/83/83 84/84/84 
f 85/85/85 84/84/84 83/83/83 
f 85/85/85 86/86/86 84/84/84 
f 87/87/87 88/88/88 89/89/89 
f 88/88/88 90/90/90 89/89/89 
f 91/91/91 89/89/89 90/90/90 
f 92/92/92 93/93/93 94/94/94 
f 93/93/93 95/95/95 94/94/94 
f 96/96/96 97/97/97 98/98/98 
f 97/97/97 99/99/99 98/98/98 
f 100/100/100 101/101/101 102/102/102 
f 101/101/101 103/103/103 102/102/102 
f 104/104/104 105/105/105 106/106/106 
f 105/105/105 107/107/107 106/106/106 
f 100/100/100 102/102/102 108/108/108 
f 102/102/102 109/109/109 108/108/108 
f 110/110/110 111/111/111 112/112/112 
f 111/111/111 113/113/113 112/112/112 
f 114/114/114 115/115/115 116/116/116 
f 117/117/117 115/115/115 114/114/114 
f 115/115/115 118/118/118 116/116/116 
f 118/118/118 119/119/119 116/116/116 
f 120/120/120 121/121/121 105/105/105 
f 122/122/122 123/123/123 124/124/124 
f 125/125/125 126/126/126 127/127/127 
f 126/126/126 128/128/128 127/127/127 
f 120/120/120 129/129/129 121/121/121 
f 129/129/129 130/130/130 121/121/121 
f 131/131/131 102/102/102 132/132/132 
f 133/133/133 134/134/134 135/135/135 
f 136/136/136 134/134/134 133/133/133 
f 134/134/134 137/137/137 135/135/135 
f 137/137/137 138/138/138 135/135/135 
f 139/139/139 100/100/100 108/108/108 
f 107/107/107 140/140/140 106/106/106 
f 128/128/128 141/141/141 127/127/127 
f 141/141/141 142/142/142 127/127/127 
f 143/143/143 144/144/144 124/124/124 
f 144/144/144 145/145/145 124/124/124 
f 145/145/145 146/146/146 124/124/124 
f 146/146/146 122/122/122 124/124/124 
f 121/121/121 147/147/147 105/105/105 
f 102/102/102 148/148/148 132/132/132 
f 102/102/102 103/103/103 148/148/148 
f 105/105/105 147/147/147 107/107/107 

g Union1

v 1.3125 0.125 0.0625021 
v 1.3125 1.25 0.0625021 
v 1.3125 0.125 0.187502 
v 1.3125 1.25 0.187502 
v 0.187499 0.125 0.187502 
v 0.187499 0.125 0.0625021 
v 1.3125 0.125 0.187502 
v 1.3125 0.125 0.0625021 
v 0.187499 0.125 0.187502 
v 0.187499 1.25 0.187502 
v 0.187499 0.125 0.0625021 
v 0.187499 1.25 0.0625021 
v 1.19155 1.25 0.187502 
v 1.3125 1.25 0.0625021 
v 0.187499 1.25 0.187502 
v 1.3125 1.25 0.187502 
v 0.187499 1.25 0.0625021 
v 0.75 0.25 0.187502 
v 0.75 0.25 0.0625023 
v 0.312498 0.25 0.187502 
v 0.312498 0.25 0.0625023 
v 0.75 1.125 0.0625023 
v 0.75 1.125 0.187502 
v 0.75 1.125 0.0625023 
v 0.75 1.125 0.187502 
v 0.75 0.824997 0.0625023 
v 0.75 0.375 0.0625023 
v 0.75 0.824997 0.187502 
v 0.75 0.375 0.187502 
v 0.75 1.125 0.187502 
v 0.75 1.125 0.0625023 
v 1.1875 0.25 0.187502 
v 1.1875 0.25 0.0625023 
v 1.1875 0.25 0.187502 
v 1.1875 0.25 0.0625023 
v 0.75 0.25 0.187502 
v 0.75 0.25 0.0625023 
v 0.75 0.375 0.187502 
v 0.75 0.375 0.0625023 
v 0.990625 0.375 0.187502 
v 0.75 0.375008 0.0625024 
v 0.990625 0.375 0.0625023 
v 0.75 1.125 0.0625023 
v 0.75 1.125 0.187502 
v 0.312498 0.25 0.0625023 
v 0.312498 0.25 0.187502 
v 0.990625 0.375 0.187502 
v 0.990625 0.375 0.0625023 
v 0.75 0.824997 0.187502 
v 0.75 0.825012 0.0625024 
v 0.75 0.824997 0.0625023 
v 0.509375 0.375 0.0625023 
v 0.509375 0.375 0.187502 
v 0.749999 0.824997 0.0625023 
v 0.749999 0.824997 0.187502 
v 0.749999 0.375 0.0625023 
v 0.749999 0.375 0.187502 
v 0.509375 0.375 0.0625023 
v 0.509375 0.375 0.187502 
v 0.749999 0.824997 0.0625023 
v 0.749999 0.824997 0.187502 
v 0.749999 0.375 0.0625023 
v 0.749999 0.375 0.187502 
v 0.312498 0.25 0.187502 
v 1.1875 0.25 0.187502 
v 0.75 0.25 0.187502 
v 0.75 1.125 0.187502 
v 0.75 1.125 0.187502 
v 0.990625 0.375 0.187502 
v 0.75 0.824997 0.187502 
v 0.75 0.375 0.187502 
v 0.187499 0.125 0.187502 
v 0.509375 0.375 0.187502 
v 0.749999 0.375 0.187502 
v 0.749999 0.824997 0.187502 
v 0.187499 1.25 0.0625021 
v 1.3125 1.25 0.0625021 
v 0.187499 0.125 0.0625021 
v 1.3125 0.125 0.0625021 
v 0.312498 0.25 0.0625023 
v 0.509375 0.375 0.0625023 
v 0.75 1.125 0.0625023 
v 0.749999 0.824997 0.0625023 
v 0.75 0.825012 0.0625024 
v 0.990625 0.375 0.0625023 
v 0.75 0.375008 0.0625024 
v 0.75 0.25 0.0625023 
v 0.75 0.25 0.0625023 
v 0.749999 0.375 0.0625023 
v 0.75 0.824997 0.0625023 
v 1.1875 0.25 0.0625023 
v 0.75 1.125 0.0625023 
v 0.75 0.825012 0.0625024 
v 0.75 1.125 0.0625023 
v 0.75 0.375 0.0625023 
v 0.75 0.375008 0.0625024 
v 1.3125 1.25 0.187502 
v 1.19155 1.25 0.187502 
v 1.3125 0.125 0.187502 
v 0.187499 1.25 0.187502 

vn 1 0 0 
vn 1 0 0 
vn 1 0 0 
vn 1 0 0 
vn 0 -1 0 
vn 0 -1 0 
vn 0 -1 0 
vn 0 -1 0 
vn -1 0 0 
vn -1 0 0 
vn -1 0 0 
vn -1 0 0 
vn 0 1 0 
vn 0 1 0 
vn 0 1 0 
vn 0 1 0 
vn 0 1 0 
vn 0 1 0 
vn 0 1 0 
vn 0 1 0 
vn 0 1 0 
vn -1 0 0 
vn -1 0 0 
vn -1 0 0 
vn -1 0 0 
vn -1 0 0 
vn -1 0 0 
vn -1 0 0 
vn -1 0 0 
vn -0.897638 -0.448819 0 
vn -0.897638 -0.448819 0 
vn -0.897638 -0.448819 0 
vn -0.897638 -0.448819 0 
vn 0 1 0 
vn 0 1 0 
vn 0 1 0 
vn 0 1 0 
vn 0 -1 0 
vn 0 -1 0 
vn 0 -1 0 
vn 0 -1 0 
vn 0 -1 0 
vn 0.897638 -0.448819 0 
vn 0.897638 -0.448819 0 
vn 0.897638 -0.448819 0 
vn 0.897638 -0.448819 0 
vn 0.88189 0.472441 0 
vn 0.88189 0.472441 0 
vn 0.88189 0.472441 0 
vn 0.88189 0.472441 0 
vn 0.88189 0.472441 0 
vn -0.88189 0.472441 0 
vn -0.88189 0.472441 0 
vn -0.88189 0.472441 0 
vn -0.88189 0.472441 0 
vn 0 -1 0 
vn 0 -1 0 
vn 0 -1 0 
vn 0 -1 0 
vn 1 0 0 
vn 1 0 0 
vn 1 0 0 
vn 1 0 0 
vn 0 0 1 
vn 0 0 1 
vn 0 0 1 
vn 0 0 1 
vn 0 0 1 
vn 0 0 1 
vn 0 0 1 
vn 0 0 1 
vn 0 0 1 
vn 0 0 1 
vn 0 0 1 
vn 0 0 1 
vn 0 0 -1 
vn 0 0 -1 
vn 0 0 -1 
vn 0 0 -1 
vn 0 0 1 
vn 0 0 1 
vn 0 0 1 
vn 0 0 1 
vn 0 0 1 
vn 0 0 1 
vn 0 0 1 
vn 0 0 1 
vn 0 0 1 
vn 0 0 1 
vn 0 0 1 
vn 0 0 1 
vn 0 0 1 
vn 0 0 1 
vn 0 0 1 
vn 0 0 1 
vn 0 0 1 
vn 0 0 1 
vn 0 0 1 
vn 0 0 1 
vn 0 0 1 

vt 59.9922 -24.9297 
vt 59.9922 -25.0703 
vt 60.0078 -24.9297 
vt 60.0078 -25.0703 
vt 59.9922 -25.0703 
vt 60.0078 -25.0703 
vt 59.9922 -24.9297 
vt 60.0078 -24.9297 
vt 59.9922 -24.9297 
vt 59.9922 -25.0703 
vt 60.0078 -24.9297 
vt 60.0078 -25.0703 
vt 60.0078 -24.9448 
vt 59.9922 -24.9297 
vt 60.0078 -25.0703 
vt 60.0078 -24.9297 
vt 59.9922 -25.0703 
vt 60.0078 -25 
vt 59.9922 -25 
vt 60.0078 -25.0547 
vt 59.9922 -25.0547 
vt 60.0078 -25.0547 
vt 59.9922 -25.0547 
vt 60.0078 -25.0547 
vt 59.9922 -25.0547 
vt 60.0078 -25.0172 
vt 60.0078 -24.9609 
vt 59.9922 -25.0172 
vt 59.9922 -24.9609 
vt 59.9922 -25.0547 
vt 60.0078 -25.0547 
vt 59.9922 -24.9453 
vt 60.0078 -24.9453 
vt 60.0078 -24.9453 
vt 59.9922 -24.9453 
vt 60.0078 -25 
vt 59.9922 -25 
vt 59.9922 -25 
vt 60.0078 -25 
vt 59.9922 -24.9699 
vt 60.0078 -25 
vt 60.0078 -24.9699 
vt 59.9922 -25.0547 
vt 60.0078 -25.0547 
vt 59.9922 -24.9453 
vt 60.0078 -24.9453 
vt 60.0078 -24.9609 
vt 59.9922 -24.9609 
vt 60.0078 -25.0172 
vt 59.9922 -25.0172 
vt 59.9922 -25.0172 
vt 60.0078 -24.9609 
vt 59.9922 -24.9609 
vt 60.0078 -25.0172 
vt 59.9922 -25.0172 
vt 60.0078 -25 
vt 59.9922 -25 
vt 60.0078 -25.0301 
vt 59.9922 -25.0301 
vt 59.9922 -25.0172 
vt 60.0078 -25.0172 
vt 59.9922 -24.9609 
vt 60.0078 -24.9609 
vt 60.0547 -25.0547 
vt 60.0547 -24.9453 
vt 60.0547 -25 
vt 59.9453 -25 
vt 59.9453 -25 
vt 60.0391 -24.9699 
vt 59.9828 -25 
vt 60.0391 -25 
vt 60.0703 -25.0703 
vt 60.0391 -25.0301 
vt 60.0391 -25 
vt 59.9828 -25 
vt 60.0703 -25.0703 
vt 60.0703 -24.9297 
vt 59.9297 -25.0703 
vt 59.9297 -24.9297 
vt 60.0547 -25.0547 
vt 60.0391 -25.0301 
vt 59.9453 -25 
vt 59.9828 -25 
vt 59.9828 -25 
vt 60.0391 -24.9699 
vt 60.0391 -25 
vt 60.0547 -25 
vt 60.0547 -25 
vt 60.0391 -25 
vt 59.9828 -25 
vt 60.0547 -24.9453 
vt 59.9453 -25 
vt 59.9828 -25 
vt 59.9453 -25 
vt 60.0391 -25 
vt 60.0391 -25 
vt 59.9297 -24.9297 
vt 59.9297 -24.9448 
vt 60.0703 -24.9297 
vt 59.9297 -25.0703 

usemtl Part1Mtl

f 149/149/149 150/150/150 151/151/151 
f 150/150/150 152/152/152 151/151/151 
f 153/153/153 154/154/154 155/155/155 
f 154/154/154 156/156/156 155/155/155 
f 157/157/157 158/158/158 159/159/159 
f 158/158/158 160/160/160 159/159/159 
f 161/161/161 162/162/162 163/163/163 
f 164/164/164 162/162/162 161/161/161 
f 162/162/162 165/165/165 163/163/163 
f 166/166/166 167/167/167 168/168/168 
f 167/167/167 169/169/169 168/168/168 
f 170/170/170 171/171/171 172/172/172 
f 171/171/171 173/173/173 172/172/172 
f 174/174/174 175/175/175 176/176/176 
f 175/175/175 177/177/177 176/176/176 
f 178/178/178 179/179/179 180/180/180 
f 179/179/179 181/181/181 180/180/180 
f 182/182/182 183/183/183 184/184/184 
f 183/183/183 185/185/185 184/184/184 
f 186/186/186 187/187/187 188/188/188 
f 187/187/187 189/189/189 188/188/188 
f 189/189/189 190/190/190 188/188/188 
f 191/191/191 192/192/192 193/193/193 
f 192/192/192 194/194/194 193/193/193 
f 195/195/195 196/196/196 197/197/197 
f 196/196/196 198/198/198 197/197/197 
f 198/198/198 199/199/199 197/197/197 
f 200/200/200 201/201/201 202/202/202 
f 201/201/201 203/203/203 202/202/202 
f 204/204/204 205/205/205 206/206/206 
f 205/205/205 207/207/207 206/206/206 
f 208/208/208 209/209/209 210/210/210 
f 209/209/209 211/211/211 210/210/210 
f 212/212/212 213/213/213 214/214/214 
f 215/215/215 213/213/213 216/216/216 
f 217/217/217 218/218/218 219/219/219 
f 213/213/213 212/212/212 220/220/220 
f 221/221/221 222/222/222 223/223/223 
f 224/224/224 225/225/225 226/226/226 
f 225/225/225 227/227/227 226/226/226 
f 228/228/228 229/229/229 230/230/230 
f 229/229/229 231/231/231 230/230/230 
f 231/231/231 232/232/232 230/230/230 
f 233/233/233 234/234/234 235/235/235 
f 236/236/236 237/237/237 228/228/228 
f 237/237/237 229/229/229 228/228/228 
f 231/231/231 238/238/238 232/232/232 
f 235/235/235 239/239/239 233/233/233 
f 239/239/239 240/240/240 233/233/233 
f 240/240/240 241/241/241 233/233/233 
f 232/232/232 242/242/242 230/230/230 
f 243/243/243 238/238/238 236/236/236 
f 238/238/238 237/237/237 236/236/236 
f 231/231/231 237/237/237 238/238/238 
f 236/236/236 244/244/244 243/243/243 
f 245/245/245 246/246/246 247/247/247 
f 246/246/246 213/213/213 247/247/247 
f 213/213/213 246/246/246 216/216/216 
f 246/246/246 248/248/248 216/216/216 
f 213/213/213 220/220/220 247/247/247 
f 212/212/212 248/248/248 220/220/220 
f 216/216/216 248/248/248 212/212/212 

g Union2

v 0.1875 -1.49999 0.062502 
v 0.1875 -1.49999 0.187502 
v 1.3125 -1.49999 0.062502 
v 1.3125 -1.49999 0.187502 
v 0.1875 -2.625 0.187502 
v 0.1875 -1.49999 0.187502 
v 0.1875 -2.625 0.062502 
v 0.1875 -1.49999 0.062502 
v 1.3125 -2.625 0.062502 
v 1.3125 -1.49999 0.062502 
v 1.3125 -2.625 0.187502 
v 1.3125 -1.49999 0.187502 
v 1.3125 -2.625 0.062502 
v 1.3125 -2.625 0.187502 
v 0.1875 -2.625 0.062502 
v 0.1875 -2.625 0.187502 
v 0.848859 -1.76603 0.187502 
v 0.848859 -1.76603 0.062502 
v 0.749988 -1.75 0.187502 
v 0.749988 -1.75 0.062502 
v 0.453535 -1.96367 0.062502 
v 0.4375 -2.06249 0.062502 
v 0.453535 -1.96367 0.187502 
v 0.4375 -2.06249 0.187502 
v 0.489986 -1.88915 0.062502 
v 0.489986 -1.88915 0.187502 
v 0.529049 -1.8415 0.187502 
v 0.529049 -1.8415 0.062502 
v 0.576632 -1.80249 0.062502 
v 0.529049 -1.8415 0.062502 
v 0.576632 -1.80249 0.187502 
v 0.529049 -1.8415 0.187502 
v 0.651181 -1.76603 0.187502 
v 0.651181 -1.76603 0.062502 
v 0.611628 -1.64745 0.062502 
v 0.750012 -1.62499 0.062502 
v 0.611628 -1.64745 0.187502 
v 0.75 -1.625 0.187502 
v 0.750012 -1.62499 0.187502 
v 0.507321 -1.69846 0.187502 
v 0.507321 -1.69846 0.062502 
v 0.44065 -1.75312 0.062502 
v 0.44065 -1.75312 0.187502 
v 0.44065 -1.75312 0.062502 
v 0.44065 -1.75312 0.187502 
v 0.385976 -1.81982 0.062502 
v 0.385976 -1.81982 0.187502 
v 0.334951 -1.92414 0.062502 
v 0.334951 -1.92414 0.187502 
v 0.3125 -2.06249 0.187502 
v 0.3125 -2.06249 0.062502 
v 0.507321 -1.69846 0.187502 
v 0.611628 -1.64745 0.187502 
v 0.1875 -1.49999 0.187502 
v 0.75 -1.625 0.187502 
v 0.750012 -1.62499 0.187502 
v 0.385976 -1.81982 0.187502 
v 0.334951 -1.92414 0.187502 
v 0.44065 -1.75312 0.187502 
v 0.576646 -2.3225 0.187502 
v 0.651198 -2.35896 0.187502 
v 0.529003 -2.28344 0.187502 
v 0.750018 -2.37499 0.187502 
v 0.848812 -2.35897 0.187502 
v 0.92334 -2.32251 0.187502 
v 0.970975 -2.28346 0.187502 
v 1.01001 -2.23584 0.187502 
v 1.04646 -2.16131 0.187502 
v 1.0625 -2.06249 0.187502 
v 1.04646 -1.96367 0.187502 
v 1.01002 -1.88916 0.187502 
v 0.970963 -1.8415 0.187502 
v 0.923335 -1.80246 0.187502 
v 0.848859 -1.76603 0.187502 
v 0.749988 -1.75 0.187502 
v 0.651181 -1.76603 0.187502 
v 0.576632 -1.80249 0.187502 
v 0.529049 -1.8415 0.187502 
v 0.489986 -1.88915 0.187502 
v 0.453535 -1.96367 0.187502 
v 0.4375 -2.06249 0.187502 
v 0.453536 -2.16131 0.187502 
v 0.489998 -2.23587 0.187502 
v 0.750018 -2.37499 0.187502 
v 0.651198 -2.35896 0.187502 
v 0.750018 -2.37499 0.062502 
v 0.651198 -2.35896 0.062502 
v 0.576646 -2.3225 0.187502 
v 0.576646 -2.3225 0.062502 
v 0.529003 -2.28344 0.187502 
v 0.529003 -2.28344 0.062502 
v 0.489998 -2.23587 0.187502 
v 0.489998 -2.23587 0.062502 
v 0.529003 -2.28344 0.187502 
v 0.529003 -2.28344 0.062502 
v 0.453536 -2.16131 0.187502 
v 0.453536 -2.16131 0.062502 
v 0.334952 -2.20085 0.062502 
v 0.334952 -2.20085 0.187502 
v 0.385982 -2.30518 0.062502 
v 0.385982 -2.30518 0.187502 
v 0.440622 -2.37183 0.062502 
v 0.440622 -2.37183 0.187502 
v 0.50731 -2.4265 0.187502 
v 0.50731 -2.4265 0.062502 
v 0.440622 -2.37183 0.187502 
v 0.440622 -2.37183 0.062502 
v 0.611679 -2.47755 0.187502 
v 0.611679 -2.47755 0.062502 
v 0.749991 -2.49999 0.062502 
v 0.749991 -2.49999 0.187502 
v 0.888332 -2.47754 0.187502 
v 0.888332 -2.47754 0.062502 
v 0.749991 -2.49999 0.187502 
v 0.611679 -2.47755 0.187502 
v 0.1875 -2.625 0.187502 
v 0.440622 -2.37183 0.187502 
v 0.385982 -2.30518 0.187502 
v 0.50731 -2.4265 0.187502 
v 0.334952 -2.20085 0.187502 
v 0.3125 -2.06249 0.187502 
v 0.334951 -1.92414 0.062502 
v 0.1875 -1.49999 0.062502 
v 0.373135 -1.68885 0.062502 
v 0.3125 -2.06249 0.062502 
v 0.507321 -1.69846 0.062502 
v 0.611628 -1.64745 0.062502 
v 0.385976 -1.81982 0.062502 
v 0.44065 -1.75312 0.062502 
v 0.529003 -2.28344 0.062502 
v 0.489998 -2.23587 0.062502 
v 0.576646 -2.3225 0.062502 
v 0.453536 -2.16131 0.062502 
v 0.4375 -2.06249 0.062502 
v 0.453535 -1.96367 0.062502 
v 0.489986 -1.88915 0.062502 
v 0.529049 -1.8415 0.062502 
v 0.576632 -1.80249 0.062502 
v 0.651181 -1.76603 0.062502 
v 0.749988 -1.75 0.062502 
v 0.848859 -1.76603 0.062502 
v 0.923335 -1.80246 0.062502 
v 0.970963 -1.8415 0.062502 
v 1.01002 -1.88916 0.062502 
v 1.04646 -1.96367 0.062502 
v 1.0625 -2.06249 0.062502 
v 1.04646 -2.16131 0.062502 
v 1.01001 -2.23584 0.062502 
v 0.970975 -2.28346 0.062502 
v 0.92334 -2.32251 0.062502 
v 0.848812 -2.35897 0.062502 
v 0.750018 -2.37499 0.062502 
v 0.651198 -2.35896 0.062502 
v 0.749991 -2.49999 0.062502 
v 0.888332 -2.47754 0.062502 
v 0.1875 -2.625 0.062502 
v 0.611679 -2.47755 0.062502 
v 0.50731 -2.4265 0.062502 
v 0.440622 -2.37183 0.062502 
v 0.385982 -2.30518 0.062502 
v 0.334952 -2.20085 0.062502 
v 0.923335 -1.80246 0.187502 
v 0.923335 -1.80246 0.062502 
v 0.970963 -1.8415 0.062502 
v 0.970963 -1.8415 0.187502 
v 1.01002 -1.88916 0.187502 
v 1.01002 -1.88916 0.062502 
v 0.970963 -1.8415 0.187502 
v 0.970963 -1.8415 0.062502 
v 1.04646 -1.96367 0.062502 
v 1.04646 -1.96367 0.187502 
v 1.0625 -2.06249 0.062502 
v 1.0625 -2.06249 0.187502 
v 1.04646 -2.16131 0.187502 
v 1.04646 -2.16131 0.062502 
v 1.16505 -1.92414 0.187502 
v 1.16505 -1.92414 0.062502 
v 1.1875 -2.06249 0.187502 
v 1.1875 -2.06249 0.062502 
v 1.11402 -1.8198 0.062502 
v 1.11402 -1.8198 0.187502 
v 1.05937 -1.75313 0.187502 
v 1.05937 -1.75313 0.062502 
v 0.992676 -1.69847 0.187502 
v 0.992676 -1.69847 0.062502 
v 1.05937 -1.75313 0.187502 
v 1.05937 -1.75313 0.062502 
v 0.888362 -1.64745 0.062502 
v 0.888362 -1.64745 0.187502 
v 0.888362 -1.64745 0.187502 
v 1.3125 -1.49999 0.187502 
v 0.992676 -1.69847 0.187502 
v 1.05937 -1.75313 0.187502 
v 1.11402 -1.8198 0.187502 
v 1.16505 -1.92414 0.187502 
v 1.01001 -2.23584 0.062502 
v 1.01001 -2.23584 0.187502 
v 0.970975 -2.28346 0.062502 
v 0.970975 -2.28346 0.187502 
v 0.92334 -2.32251 0.187502 
v 0.92334 -2.32251 0.062502 
v 0.970975 -2.28346 0.187502 
v 0.970975 -2.28346 0.062502 
v 0.848812 -2.35897 0.062502 
v 0.848812 -2.35897 0.187502 
v 0.992686 -2.42651 0.062502 
v 0.992686 -2.42651 0.187502 
v 1.05937 -2.37184 0.062502 
v 1.05937 -2.37184 0.187502 
v 1.11402 -2.30518 0.062502 
v 1.05937 -2.37184 0.062502 
v 1.11402 -2.30518 0.187502 
v 1.05937 -2.37184 0.187502 
v 1.16505 -2.20084 0.187502 
v 1.16505 -2.20084 0.062502 
v 1.05937 -2.37184 0.187502 
v 0.992686 -2.42651 0.187502 
v 1.3125 -2.625 0.187502 
v 1.11402 -2.30518 0.187502 
v 1.16505 -2.20084 0.187502 
v 0.888332 -2.47754 0.187502 
v 0.888362 -1.64745 0.062502 
v 0.750012 -1.62499 0.062502 
v 1.3125 -1.49999 0.062502 
v 0.992676 -1.69847 0.062502 
v 1.05937 -1.75313 0.062502 
v 1.11402 -1.8198 0.062502 
v 1.16505 -1.92414 0.062502 
v 1.1875 -2.06249 0.062502 
v 1.16505 -2.20084 0.062502 
v 1.3125 -2.625 0.062502 
v 1.11402 -2.30518 0.062502 
v 1.05937 -2.37184 0.062502 
v 0.992686 -2.42651 0.062502 
v 1.1875 -2.06249 0.187502 

vn 0 1 0 
vn 0 1 0 
vn 0 1 0 
vn 0 1 0 
vn -1 0 0 
vn -1 0 0 
vn -1 0 0 
vn -1 0 0 
vn 1 0 0 
vn 1 0 0 
vn 1 0 0 
vn 1 0 0 
vn 0 -1 0 
vn 0 -1 0 
vn 0 -1 0 
vn 0 -1 0 
vn 0.314961 0.944882 0 
vn 0.314961 0.944882 0 
vn 0 1 0 
vn 0 1 0 
vn -0.944882 0.314961 0 
vn -1 0 0 
vn -0.944882 0.314961 0 
vn -1 0 0 
vn -0.834646 0.551181 0 
vn -0.834646 0.551181 0 
vn -0.708661 0.708661 0 
vn -0.708661 0.708661 0 
vn -0.551181 0.834646 0 
vn -0.708661 0.708661 0 
vn -0.551181 0.834646 0 
vn -0.708661 0.708661 0 
vn -0.314961 0.944882 0 
vn -0.314961 0.944882 0 
vn 0.314961 -0.944882 0 
vn 0 -1 0 
vn 0.314961 -0.944882 0 
vn 0 -1 0 
vn 0 -1 0 
vn 0.551181 -0.834646 0 
vn 0.551181 -0.834646 0 
vn 0.708661 -0.708661 0 
vn 0.708661 -0.708661 0 
vn 0.708661 -0.708661 0 
vn 0.708661 -0.708661 0 
vn 0.834646 -0.551181 0 
vn 0.834646 -0.551181 0 
vn 0.944882 -0.314961 0 
vn 0.944882 -0.314961 0 
vn 1 0 0 
vn 1 0 0 
vn 0 0 1 
vn 0 0 1 
vn 0 0 1 
vn 0 0 1 
vn 0 0 1 
vn 0 0 1 
vn 0 0 1 
vn 0 0 1 
vn 0 0 1 
vn 0 0 1 
vn 0 0 1 
vn 0 0 1 
vn 0 0 1 
vn 0 0 1 
vn 0 0 1 
vn 0 0 1 
vn 0 0 1 
vn 0 0 1 
vn 0 0 1 
vn 0 0 1 
vn 0 0 1 
vn 0 0 1 
vn 0 0 1 
vn 0 0 1 
vn 0 0 1 
vn 0 0 1 
vn 0 0 1 
vn 0 0 1 
vn 0 0 1 
vn 0 0 1 
vn 0 0 1 
vn 0 0 1 
vn 0 -1 0 
vn -0.314961 -0.944882 0 
vn 0 -1 0 
vn -0.314961 -0.944882 0 
vn -0.551181 -0.834646 0 
vn -0.551181 -0.834646 0 
vn -0.708661 -0.708661 0 
vn -0.708661 -0.708661 0 
vn -0.834646 -0.551181 0 
vn -0.834646 -0.551181 0 
vn -0.708661 -0.708661 0 
vn -0.708661 -0.708661 0 
vn -0.944882 -0.314961 0 
vn -0.944882 -0.314961 0 
vn 0.944882 0.314961 0 
vn 0.944882 0.314961 0 
vn 0.834646 0.551181 0 
vn 0.834646 0.551181 0 
vn 0.708661 0.708661 0 
vn 0.708661 0.708661 0 
vn 0.551181 0.834646 0 
vn 0.551181 0.834646 0 
vn 0.708661 0.708661 0 
vn 0.708661 0.708661 0 
vn 0.314961 0.944882 0 
vn 0.314961 0.944882 0 
vn 0 1 0 
vn 0 1 0 
vn -0.314961 0.944882 0 
vn -0.314961 0.944882 0 
vn 0 0 1 
vn 0 0 1 
vn 0 0 1 
vn 0 0 1 
vn 0 0 1 
vn 0 0 1 
vn 0 0 1 
vn 0 0 1 
vn 0 0 -1 
vn 0 0 -1 
vn 0 0 -1 
vn 0 0 -1 
vn 0 0 -1 
vn 0 0 -1 
vn 0 0 -1 
vn 0 0 -1 
vn 0 0 -1 
vn 0 0 -1 
vn 0 0 -1 
vn 0 0 -1 
vn 0 0 -1 
vn 0 0 -1 
vn 0 0 -1 
vn 0 0 -1 
vn 0 0 -1 
vn 0 0 -1 
vn 0 0 -1 
vn 0 0 -1 
vn 0 0 -1 
vn 0 0 -1 
vn 0 0 -1 
vn 0 0 -1 
vn 0 0 -1 
vn 0 0 -1 
vn 0 0 -1 
vn 0 0 -1 
vn 0 0 -1 
vn 0 0 -1 
vn 0 0 -1 
vn 0 0 -1 
vn 0 0 -1 
vn 0 0 -1 
vn 0 0 -1 
vn 0 0 -1 
vn 0 0 -1 
vn 0 0 -1 
vn 0 0 -1 
vn 0 0 -1 
vn 0.551181 0.834646 0 
vn 0.551181 0.834646 0 
vn 0.708661 0.708661 0 
vn 0.708661 0.708661 0 
vn 0.834646 0.551181 0 
vn 0.834646 0.551181 0 
vn 0.708661 0.708661 0 
vn 0.708661 0.708661 0 
vn 0.944882 0.314961 0 
vn 0.944882 0.314961 0 
vn 1 0 0 
vn 1 0 0 
vn 0.944882 -0.314961 0 
vn 0.944882 -0.314961 0 
vn -0.944882 -0.314961 0 
vn -0.944882 -0.314961 0 
vn -1 0 0 
vn -1 0 0 
vn -0.834646 -0.551181 0 
vn -0.834646 -0.551181 0 
vn -0.708661 -0.708661 0 
vn -0.708661 -0.708661 0 
vn -0.551181 -0.834646 0 
vn -0.551181 -0.834646 0 
vn -0.708661 -0.708661 0 
vn -0.708661 -0.708661 0 
vn -0.314961 -0.944882 0 
vn -0.314961 -0.944882 0 
vn 0 0 1 
vn 0 0 1 
vn 0 0 1 
vn 0 0 1 
vn 0 0 1 
vn 0 0 1 
vn 0.834646 -0.551181 0 
vn 0.834646 -0.551181 0 
vn 0.708661 -0.708661 0 
vn 0.708661 -0.708661 0 
vn 0.551181 -0.834646 0 
vn 0.551181 -0.834646 0 
vn 0.708661 -0.708661 0 
vn 0.708661 -0.708661 0 
vn 0.314961 -0.944882 0 
vn 0.314961 -0.944882 0 
vn -0.551181 0.834646 0 
vn -0.551181 0.834646 0 
vn -0.708661 0.708661 0 
vn -0.708661 0.708661 0 
vn -0.834646 0.551181 0 
vn -0.708661 0.708661 0 
vn -0.834646 0.551181 0 
vn -0.708661 0.708661 0 
vn -0.944882 0.314961 0 
vn -0.944882 0.314961 0 
vn 0 0 1 
vn 0 0 1 
vn 0 0 1 
vn 0 0 1 
vn 0 0 1 
vn 0 0 1 
vn 0 0 -1 
vn 0 0 -1 
vn 0 0 -1 
vn 0 0 -1 
vn 0 0 -1 
vn 0 0 -1 
vn 0 0 -1 
vn 0 0 -1 
vn 0 0 -1 
vn 0 0 -1 
vn 0 0 -1 
vn 0 0 -1 
vn 0 0 -1 
vn 0 0 1 

vt 38.0078 -20.9297 
vt 37.9922 -20.9297 
vt 38.0078 -21.0703 
vt 37.9922 -21.0703 
vt 38.0078 -21.0703 
vt 38.0078 -20.9297 
vt 37.9922 -21.0703 
vt 37.9922 -20.9297 
vt 38.0078 -21.0703 
vt 38.0078 -20.9297 
vt 37.9922 -21.0703 
vt 37.9922 -20.9297 
vt 37.9922 -21.0703 
vt 38.0078 -21.0703 
vt 37.9922 -20.9297 
vt 38.0078 -20.9297 
vt 37.9922 -21.0124 
vt 38.0078 -21.0124 
vt 37.9922 -21 
vt 38.0078 -21 
vt 37.9922 -20.9876 
vt 37.9922 -21 
vt 38.0078 -20.9876 
vt 38.0078 -21 
vt 37.9922 -20.9783 
vt 38.0078 -20.9783 
vt 38.0078 -20.9724 
vt 37.9922 -20.9724 
vt 38.0078 -20.9783 
vt 38.0078 -20.9724 
vt 37.9922 -20.9783 
vt 37.9922 -20.9724 
vt 37.9922 -20.9876 
vt 38.0078 -20.9876 
vt 37.9922 -20.9827 
vt 37.9922 -21 
vt 38.0078 -20.9827 
vt 38.0078 -21 
vt 38.0078 -21 
vt 38.0078 -20.9697 
vt 37.9922 -20.9697 
vt 37.9922 -20.9613 
vt 38.0078 -20.9613 
vt 38.0078 -20.9613 
vt 37.9922 -20.9613 
vt 38.0078 -20.9697 
vt 37.9922 -20.9697 
vt 38.0078 -20.9827 
vt 37.9922 -20.9827 
vt 37.9922 -21 
vt 38.0078 -21 
vt 38.0455 -20.9697 
vt 38.0519 -20.9827 
vt 38.0703 -20.9297 
vt 38.0547 -21 
vt 38.0547 -21 
vt 38.0303 -20.9545 
vt 38.0173 -20.9481 
vt 38.0387 -20.9613 
vt 37.9675 -20.9783 
vt 37.9629 -20.9876 
vt 37.9724 -20.9724 
vt 37.9609 -21 
vt 37.9629 -21.0124 
vt 37.9675 -21.0217 
vt 37.9724 -21.0276 
vt 37.9783 -21.0325 
vt 37.9876 -21.0371 
vt 38 -21.0391 
vt 38.0124 -21.0371 
vt 38.0217 -21.0325 
vt 38.0276 -21.0276 
vt 38.0325 -21.0217 
vt 38.0371 -21.0124 
vt 38.0391 -21 
vt 38.0371 -20.9876 
vt 38.0325 -20.9783 
vt 38.0276 -20.9724 
vt 38.0217 -20.9675 
vt 38.0124 -20.9629 
vt 38 -20.9609 
vt 37.9876 -20.9629 
vt 37.9783 -20.9675 
vt 38.0078 -21 
vt 38.0078 -20.9876 
vt 37.9922 -21 
vt 37.9922 -20.9876 
vt 38.0078 -20.9783 
vt 37.9922 -20.9783 
vt 38.0078 -20.9724 
vt 37.9922 -20.9724 
vt 38.0078 -21.0217 
vt 37.9922 -21.0217 
vt 38.0078 -21.0276 
vt 37.9922 -21.0276 
vt 38.0078 -21.0124 
vt 37.9922 -21.0124 
vt 38.0078 -21.0173 
vt 37.9922 -21.0173 
vt 38.0078 -21.0303 
vt 37.9922 -21.0303 
vt 38.0078 -21.0387 
vt 37.9922 -21.0387 
vt 37.9922 -20.9697 
vt 38.0078 -20.9697 
vt 37.9922 -20.9613 
vt 38.0078 -20.9613 
vt 37.9922 -20.9827 
vt 38.0078 -20.9827 
vt 38.0078 -21 
vt 37.9922 -21 
vt 37.9922 -21.0173 
vt 38.0078 -21.0173 
vt 37.9453 -21 
vt 37.9481 -20.9827 
vt 37.9297 -20.9297 
vt 37.9613 -20.9613 
vt 37.9697 -20.9545 
vt 37.9545 -20.9697 
vt 37.9827 -20.9481 
vt 38 -20.9453 
vt 37.9827 -20.9481 
vt 37.9297 -20.9297 
vt 37.9533 -20.9529 
vt 38 -20.9453 
vt 37.9545 -20.9697 
vt 37.9481 -20.9827 
vt 37.9697 -20.9545 
vt 37.9613 -20.9613 
vt 38.0276 -20.9724 
vt 38.0217 -20.9675 
vt 38.0325 -20.9783 
vt 38.0124 -20.9629 
vt 38 -20.9609 
vt 37.9876 -20.9629 
vt 37.9783 -20.9675 
vt 37.9724 -20.9724 
vt 37.9675 -20.9783 
vt 37.9629 -20.9876 
vt 37.9609 -21 
vt 37.9629 -21.0124 
vt 37.9675 -21.0217 
vt 37.9724 -21.0276 
vt 37.9783 -21.0325 
vt 37.9876 -21.0371 
vt 38 -21.0391 
vt 38.0124 -21.0371 
vt 38.0217 -21.0325 
vt 38.0276 -21.0276 
vt 38.0325 -21.0217 
vt 38.0371 -21.0124 
vt 38.0391 -21 
vt 38.0371 -20.9876 
vt 38.0547 -21 
vt 38.0519 -21.0173 
vt 38.0703 -20.9297 
vt 38.0519 -20.9827 
vt 38.0455 -20.9697 
vt 38.0387 -20.9613 
vt 38.0303 -20.9545 
vt 38.0173 -20.9481 
vt 37.9922 -21.0217 
vt 38.0078 -21.0217 
vt 38.0078 -21.0276 
vt 37.9922 -21.0276 
vt 37.9922 -20.9783 
vt 38.0078 -20.9783 
vt 37.9922 -20.9724 
vt 38.0078 -20.9724 
vt 38.0078 -20.9876 
vt 37.9922 -20.9876 
vt 38.0078 -21 
vt 37.9922 -21 
vt 37.9922 -21.0124 
vt 38.0078 -21.0124 
vt 38.0078 -20.9827 
vt 37.9922 -20.9827 
vt 38.0078 -21 
vt 37.9922 -21 
vt 37.9922 -20.9697 
vt 38.0078 -20.9697 
vt 38.0078 -20.9613 
vt 37.9922 -20.9613 
vt 38.0078 -21.0303 
vt 37.9922 -21.0303 
vt 38.0078 -21.0387 
vt 37.9922 -21.0387 
vt 37.9922 -21.0173 
vt 38.0078 -21.0173 
vt 38.0519 -21.0173 
vt 38.0703 -21.0703 
vt 38.0455 -21.0303 
vt 38.0387 -21.0387 
vt 38.0303 -21.0455 
vt 38.0173 -21.0519 
vt 38.0078 -21.0217 
vt 37.9922 -21.0217 
vt 38.0078 -21.0276 
vt 37.9922 -21.0276 
vt 38.0078 -21.0217 
vt 37.9922 -21.0217 
vt 38.0078 -21.0276 
vt 37.9922 -21.0276 
vt 37.9922 -21.0124 
vt 38.0078 -21.0124 
vt 38.0078 -21.0303 
vt 37.9922 -21.0303 
vt 38.0078 -21.0387 
vt 37.9922 -21.0387 
vt 37.9922 -21.0303 
vt 37.9922 -21.0387 
vt 38.0078 -21.0303 
vt 38.0078 -21.0387 
vt 38.0078 -21.0173 
vt 37.9922 -21.0173 
vt 37.9613 -21.0387 
vt 37.9545 -21.0303 
vt 37.9297 -21.0703 
vt 37.9697 -21.0455 
vt 37.9827 -21.0519 
vt 37.9481 -21.0173 
vt 37.9481 -21.0173 
vt 37.9453 -21 
vt 37.9297 -21.0703 
vt 37.9545 -21.0303 
vt 37.9613 -21.0387 
vt 37.9697 -21.0455 
vt 37.9827 -21.0519 
vt 38 -21.0547 
vt 38.0173 -21.0519 
vt 38.0703 -21.0703 
vt 38.0303 -21.0455 
vt 38.0387 -21.0387 
vt 38.0455 -21.0303 
vt 38 -21.0547 

usemtl Part1Mtl

f 249/249/249 250/250/250 251/251/251 
f 250/250/250 252/252/252 251/251/251 
f 253/253/253 254/254/254 255/255/255 
f 254/254/254 256/256/256 255/255/255 
f 257/257/257 258/258/258 259/259/259 
f 258/258/258 260/260/260 259/259/259 
f 261/261/261 262/262/262 263/263/263 
f 262/262/262 264/264/264 263/263/263 
f 265/265/265 266/266/266 267/267/267 
f 266/266/266 268/268/268 267/267/267 
f 269/269/269 270/270/270 271/271/271 
f 270/270/270 272/272/272 271/271/271 
f 269/269/269 271/271/271 273/273/273 
f 271/271/271 274/274/274 273/273/273 
f 274/274/274 275/275/275 273/273/273 
f 275/275/275 276/276/276 273/273/273 
f 277/277/277 278/278/278 279/279/279 
f 278/278/278 280/280/280 279/279/279 
f 279/279/279 281/281/281 277/277/277 
f 281/281/281 282/282/282 277/277/277 
f 267/267/267 268/268/268 281/281/281 
f 268/268/268 282/282/282 281/281/281 
f 283/283/283 284/284/284 285/285/285 
f 284/284/284 286/286/286 285/285/285 
f 287/287/287 286/286/286 284/284/284 
f 288/288/288 289/289/289 285/285/285 
f 289/289/289 283/283/283 285/285/285 
f 289/289/289 288/288/288 290/290/290 
f 288/288/288 291/291/291 290/290/290 
f 292/292/292 293/293/293 294/294/294 
f 293/293/293 295/295/295 294/294/294 
f 294/294/294 295/295/295 296/296/296 
f 295/295/295 297/297/297 296/296/296 
f 298/298/298 299/299/299 297/297/297 
f 299/299/299 296/296/296 297/297/297 
f 300/300/300 301/301/301 302/302/302 
f 303/303/303 304/304/304 301/301/301 
f 305/305/305 302/302/302 306/306/306 
f 307/307/307 302/302/302 305/305/305 
f 300/300/300 302/302/302 307/307/307 
f 308/308/308 309/309/309 310/310/310 
f 309/309/309 311/311/311 310/310/310 
f 311/311/311 312/312/312 310/310/310 
f 312/312/312 313/313/313 310/310/310 
f 313/313/313 314/314/314 310/310/310 
f 314/314/314 315/315/315 310/310/310 
f 315/315/315 316/316/316 310/310/310 
f 316/316/316 317/317/317 310/310/310 
f 317/317/317 318/318/318 310/310/310 
f 318/318/318 319/319/319 310/310/310 
f 319/319/319 320/320/320 310/310/310 
f 320/320/320 321/321/321 310/310/310 
f 321/321/321 322/322/322 310/310/310 
f 322/322/322 323/323/323 310/310/310 
f 323/323/323 324/324/324 310/310/310 
f 324/324/324 325/325/325 310/310/310 
f 325/325/325 326/326/326 310/310/310 
f 326/326/326 327/327/327 310/310/310 
f 327/327/327 328/328/328 310/310/310 
f 328/328/328 329/329/329 310/310/310 
f 329/329/329 330/330/330 310/310/310 
f 330/330/330 331/331/331 310/310/310 
f 332/332/332 333/333/333 334/334/334 
f 333/333/333 335/335/335 334/334/334 
f 336/336/336 337/337/337 333/333/333 
f 337/337/337 335/335/335 333/333/333 
f 338/338/338 339/339/339 336/336/336 
f 339/339/339 337/337/337 336/336/336 
f 340/340/340 341/341/341 342/342/342 
f 341/341/341 343/343/343 342/342/342 
f 344/344/344 345/345/345 340/340/340 
f 345/345/345 341/341/341 340/340/340 
f 345/345/345 344/344/344 270/270/270 
f 344/344/344 272/272/272 270/270/270 
f 299/299/299 298/298/298 346/346/346 
f 298/298/298 347/347/347 346/346/346 
f 348/348/348 346/346/346 349/349/349 
f 346/346/346 347/347/347 349/349/349 
f 348/348/348 349/349/349 350/350/350 
f 349/349/349 351/351/351 350/350/350 
f 352/352/352 353/353/353 354/354/354 
f 353/353/353 355/355/355 354/354/354 
f 352/352/352 356/356/356 353/353/353 
f 356/356/356 357/357/357 353/353/353 
f 357/357/357 356/356/356 358/358/358 
f 356/356/356 359/359/359 358/358/358 
f 360/360/360 361/361/361 359/359/359 
f 361/361/361 358/358/358 359/359/359 
f 362/362/362 363/363/363 364/364/364 
f 365/365/365 366/366/366 364/364/364 
f 364/364/364 363/363/363 367/367/367 
f 365/365/365 364/364/364 367/367/367 
f 366/366/366 368/368/368 364/364/364 
f 368/368/368 302/302/302 364/364/364 
f 368/368/368 369/369/369 302/302/302 
f 369/369/369 306/306/306 302/302/302 
f 370/370/370 371/371/371 372/372/372 
f 373/373/373 371/371/371 370/370/370 
f 374/374/374 372/372/372 375/375/375 
f 370/370/370 372/372/372 376/376/376 
f 377/377/377 372/372/372 374/374/374 
f 376/376/376 372/372/372 377/377/377 
f 378/378/378 379/379/379 380/380/380 
f 379/379/379 381/381/381 380/380/380 
f 381/381/381 382/382/382 380/380/380 
f 382/382/382 383/383/383 380/380/380 
f 383/383/383 384/384/384 380/380/380 
f 384/384/384 385/385/385 380/380/380 
f 385/385/385 386/386/386 380/380/380 
f 386/386/386 387/387/387 380/380/380 
f 387/387/387 388/388/388 380/380/380 
f 388/388/388 389/389/389 380/380/380 
f 389/389/389 390/390/390 380/380/380 
f 390/390/390 391/391/391 380/380/380 
f 391/391/391 392/392/392 380/380/380 
f 392/392/392 393/393/393 380/380/380 
f 393/393/393 394/394/394 380/380/380 
f 394/394/394 395/395/395 380/380/380 
f 395/395/395 396/396/396 380/380/380 
f 396/396/396 397/397/397 380/380/380 
f 397/397/397 398/398/398 380/380/380 
f 398/398/398 399/399/399 380/380/380 
f 399/399/399 400/400/400 380/380/380 
f 400/400/400 401/401/401 380/380/380 
f 402/402/402 403/403/403 404/404/404 
f 402/402/402 404/404/404 405/405/405 
f 406/406/406 404/404/404 407/407/407 
f 405/405/405 404/404/404 406/406/406 
f 407/407/407 404/404/404 408/408/408 
f 408/408/408 404/404/404 409/409/409 
f 373/373/373 404/404/404 371/371/371 
f 409/409/409 404/404/404 373/373/373 
f 410/410/410 411/411/411 265/265/265 
f 411/411/411 266/266/266 265/265/265 
f 412/412/412 411/411/411 413/413/413 
f 411/411/411 410/410/410 413/413/413 
f 414/414/414 415/415/415 416/416/416 
f 415/415/415 417/417/417 416/416/416 
f 418/418/418 415/415/415 419/419/419 
f 415/415/415 414/414/414 419/419/419 
f 418/418/418 419/419/419 420/420/420 
f 419/419/419 421/421/421 420/420/420 
f 421/421/421 422/422/422 420/420/420 
f 422/422/422 423/423/423 420/420/420 
f 424/424/424 425/425/425 426/426/426 
f 425/425/425 427/427/427 426/426/426 
f 428/428/428 425/425/425 429/429/429 
f 425/425/425 424/424/424 429/429/429 
f 429/429/429 430/430/430 428/428/428 
f 430/430/430 431/431/431 428/428/428 
f 432/432/432 433/433/433 434/434/434 
f 433/433/433 435/435/435 434/434/434 
f 433/433/433 432/432/432 436/436/436 
f 432/432/432 437/437/437 436/436/436 
f 284/284/284 436/436/436 287/287/287 
f 436/436/436 437/437/437 287/287/287 
f 438/438/438 439/439/439 304/304/304 
f 440/440/440 439/439/439 438/438/438 
f 441/441/441 439/439/439 440/440/440 
f 442/442/442 439/439/439 441/441/441 
f 443/443/443 439/439/439 442/442/442 
f 423/423/423 422/422/422 444/444/444 
f 422/422/422 445/445/445 444/444/444 
f 446/446/446 444/444/444 447/447/447 
f 444/444/444 445/445/445 447/447/447 
f 448/448/448 449/449/449 450/450/450 
f 449/449/449 451/451/451 450/450/450 
f 449/449/449 448/448/448 452/452/452 
f 448/448/448 453/453/453 452/452/452 
f 332/332/332 334/334/334 453/453/453 
f 334/334/334 452/452/452 453/453/453 
f 454/454/454 361/361/361 455/455/455 
f 361/361/361 360/360/360 455/455/455 
f 454/454/454 455/455/455 456/456/456 
f 455/455/455 457/457/457 456/456/456 
f 458/458/458 459/459/459 460/460/460 
f 459/459/459 461/461/461 460/460/460 
f 462/462/462 463/463/463 460/460/460 
f 463/463/463 458/458/458 460/460/460 
f 426/426/426 427/427/427 462/462/462 
f 427/427/427 463/463/463 462/462/462 
f 464/464/464 465/465/465 466/466/466 
f 467/467/467 466/466/466 468/468/468 
f 464/464/464 466/466/466 467/467/467 
f 469/469/469 466/466/466 465/465/465 
f 362/362/362 466/466/466 469/469/469 
f 470/470/470 471/471/471 472/472/472 
f 470/470/470 472/472/472 473/473/473 
f 474/474/474 473/473/473 472/472/472 
f 474/474/474 472/472/472 475/475/475 
f 475/475/475 472/472/472 476/476/476 
f 476/476/476 472/472/472 477/477/477 
f 478/478/478 477/477/477 479/479/479 
f 477/477/477 472/472/472 479/479/479 
f 480/480/480 479/479/479 481/481/481 
f 478/478/478 479/479/479 480/480/480 
f 481/481/481 479/479/479 482/482/482 
f 482/482/482 479/479/479 403/403/403 
f 479/479/479 404/404/404 403/403/403 
f 304/304/304 302/302/302 301/301/301 
f 375/375/375 371/371/371 471/471/471 
f 372/372/372 371/371/371 375/375/375 
f 371/371/371 472/472/472 471/471/471 
f 439/439/439 302/302/302 304/304/304 
f 362/362/362 364/364/364 466/466/466 
f 439/439/439 443/443/443 466/466/466 
f 443/443/443 483/483/483 466/466/466 
f 483/483/483 468/468/468 466/466/466 

g C1

v 0.385982 -2.30518 0.0625015 
v 0.440621 -2.37183 0.0625015 
v 0.385982 -2.30518 0.187502 
v 0.440621 -2.37183 0.187502 
v 0.334952 -2.20085 0.0625016 
v 0.334952 -2.20085 0.187502 
v 0.3125 -2.06249 0.0625016 
v 0.3125 -2.06249 0.187502 
v 0.334951 -1.92414 0.0625016 
v 0.334951 -1.92414 0.187502 
v 0.385975 -1.81983 0.0625016 
v 0.385975 -1.81983 0.187502 
v 0.44065 -1.75312 0.0625015 
v 0.44065 -1.75312 0.187502 
v 0.750012 -1.62499 0.0625016 
v 0.611628 -1.64745 0.0625016 
v 0.750012 -1.62499 0.187502 
v 0.611628 -1.64745 0.187502 
v 0.888362 -1.64745 0.0625016 
v 0.888362 -1.64745 0.187502 
v 0.50732 -1.69846 0.0625015 
v 0.44065 -1.75312 0.0625015 
v 0.50732 -1.69846 0.187502 
v 0.44065 -1.75312 0.187502 
v 0.992675 -1.69847 0.0625016 
v 0.992675 -1.69847 0.187502 
v 1.05937 -1.75314 0.0625015 
v 1.05937 -1.75314 0.187502 
v 1.11402 -1.8198 0.0625015 
v 1.05937 -1.75314 0.0625015 
v 1.11402 -1.8198 0.187502 
v 1.05937 -1.75314 0.187502 
v 1.16505 -1.92415 0.0625016 
v 1.16505 -1.92415 0.187502 
v 1.1875 -2.06249 0.0625016 
v 1.1875 -2.06249 0.187502 
v 1.16505 -2.20084 0.0625016 
v 1.16505 -2.20084 0.187502 
v 1.11402 -2.30518 0.0625016 
v 1.11402 -2.30518 0.187502 
v 1.05937 -2.37184 0.0625015 
v 1.05937 -2.37184 0.187502 
v 1.05937 -2.37184 0.187502 
v 1.05057 -2.37906 0.187502 
v 1.05937 -2.37184 0.0625015 
v 0.992686 -2.42651 0.187502 
v 0.992686 -2.42651 0.0625015 
v 0.888331 -2.47755 0.187502 
v 0.888331 -2.47755 0.0625016 
v 0.749991 -2.49999 0.187502 
v 0.749991 -2.49999 0.0625016 
v 0.611679 -2.47756 0.187502 
v 0.611679 -2.47756 0.0625016 
v 0.50731 -2.42651 0.187502 
v 0.50731 -2.42651 0.0625016 
v 0.440621 -2.37183 0.187502 
v 0.440621 -2.37183 0.0625015 
v 0.848859 -1.76604 0.0625016 
v 0.848859 -1.76604 0.187502 
v 0.749988 -1.75 0.0625016 
v 0.749988 -1.75 0.187502 
v 0.923335 -1.80247 0.0625016 
v 0.923335 -1.80247 0.187502 
v 0.970963 -1.84151 0.0625016 
v 0.970963 -1.84151 0.187502 
v 1.01002 -1.88916 0.0625016 
v 1.01002 -1.88916 0.187502 
v 0.970963 -1.84151 0.0625016 
v 0.970963 -1.84151 0.187502 
v 1.04646 -1.96367 0.0625016 
v 1.04646 -1.96367 0.187502 
v 1.0625 -2.06249 0.0625016 
v 1.0625 -2.06249 0.187502 
v 1.04646 -2.16132 0.0625016 
v 1.04646 -2.16132 0.187502 
v 1.01001 -2.23584 0.0625016 
v 1.01001 -2.23584 0.187502 
v 0.970974 -2.28346 0.0625016 
v 0.970974 -2.28346 0.187502 
v 0.970974 -2.28346 0.187502 
v 0.970974 -2.28346 0.0625016 
v 0.92334 -2.32252 0.187502 
v 0.92334 -2.32252 0.0625016 
v 0.848812 -2.35897 0.187502 
v 0.848812 -2.35897 0.0625016 
v 0.750018 -2.37499 0.187502 
v 0.750018 -2.37499 0.0625016 
v 0.651198 -2.35896 0.187502 
v 0.651198 -2.35896 0.0625016 
v 0.576645 -2.3225 0.187502 
v 0.576645 -2.3225 0.0625016 
v 0.529003 -2.28344 0.187502 
v 0.529003 -2.28344 0.0625016 
v 0.489998 -2.23587 0.0625016 
v 0.489998 -2.23587 0.187502 
v 0.529003 -2.28344 0.0625016 
v 0.529003 -2.28344 0.187502 
v 0.453536 -2.16132 0.0625016 
v 0.453536 -2.16132 0.187502 
v 0.4375 -2.06249 0.0625016 
v 0.4375 -2.06249 0.187502 
v 0.453535 -1.96367 0.0625016 
v 0.453535 -1.96367 0.187502 
v 0.489985 -1.88915 0.0625016 
v 0.489985 -1.88915 0.187502 
v 0.529049 -1.8415 0.0625016 
v 0.529049 -1.8415 0.187502 
v 0.576632 -1.8025 0.0625016 
v 0.576632 -1.8025 0.187502 
v 0.529049 -1.8415 0.0625016 
v 0.529049 -1.8415 0.187502 
v 0.65118 -1.76604 0.0625016 
v 0.65118 -1.76604 0.187502 
v 0.749988 -1.75 0.187502 
v 0.44065 -1.75312 0.187502 
v 0.65118 -1.76604 0.187502 
v 0.749988 -1.75 0.0625016 
v 0.44065 -1.75312 0.0625015 
v 0.50732 -1.69846 0.0625015 
v 0.65118 -1.76604 0.0625016 
v 0.848859 -1.76604 0.0625016 
v 1.05937 -1.75314 0.0625015 
v 0.848859 -1.76604 0.187502 
v 1.05937 -1.75314 0.187502 
v 1.11402 -1.8198 0.187502 
v 0.576632 -1.8025 0.187502 
v 0.576632 -1.8025 0.0625016 
v 0.923335 -1.80247 0.0625016 
v 0.923335 -1.80247 0.187502 
v 0.529049 -1.8415 0.187502 
v 0.529049 -1.8415 0.0625016 
v 0.970963 -1.84151 0.0625016 
v 0.970963 -1.84151 0.187502 
v 0.489985 -1.88915 0.187502 
v 0.489985 -1.88915 0.0625016 
v 1.01002 -1.88916 0.0625016 
v 1.01002 -1.88916 0.187502 
v 0.453535 -1.96367 0.187502 
v 0.453535 -1.96367 0.0625016 
v 1.04646 -1.96367 0.0625016 
v 1.04646 -1.96367 0.187502 
v 0.4375 -2.06249 0.187502 
v 0.385975 -1.81983 0.187502 
v 1.0625 -2.06249 0.0625016 
v 0.453536 -2.16132 0.187502 
v 0.440621 -2.37183 0.187502 
v 0.4375 -2.06249 0.0625016 
v 0.453536 -2.16132 0.0625016 
v 0.440621 -2.37183 0.0625015 
v 0.50731 -2.42651 0.0625016 
v 1.04646 -2.16132 0.0625016 
v 1.05937 -2.37184 0.0625015 
v 1.04646 -2.16132 0.187502 
v 1.05057 -2.37906 0.187502 
v 1.0625 -2.06249 0.187502 
v 1.05937 -2.37184 0.187502 
v 1.11402 -2.30518 0.187502 
v 0.489998 -2.23587 0.187502 
v 0.489998 -2.23587 0.0625016 
v 1.01001 -2.23584 0.0625016 
v 1.01001 -2.23584 0.187502 
v 0.529003 -2.28344 0.187502 
v 0.529003 -2.28344 0.0625016 
v 0.970974 -2.28346 0.0625016 
v 0.970974 -2.28346 0.187502 
v 0.576645 -2.3225 0.187502 
v 0.576645 -2.3225 0.0625016 
v 0.92334 -2.32252 0.0625016 
v 0.92334 -2.32252 0.187502 
v 0.651198 -2.35896 0.187502 
v 0.651198 -2.35896 0.0625016 
v 0.848812 -2.35897 0.0625016 
v 0.848812 -2.35897 0.187502 
v 0.750018 -2.37499 0.187502 
v 0.750018 -2.37499 0.0625016 
v 0.3125 -2.06249 0.0625016 
v 0.334951 -1.92414 0.0625016 
v 0.334952 -2.20085 0.0625016 
v 0.385975 -1.81983 0.0625016 
v 0.385982 -2.30518 0.0625015 
v 0.334951 -1.92414 0.187502 
v 0.3125 -2.06249 0.187502 
v 0.334952 -2.20085 0.187502 
v 0.385982 -2.30518 0.187502 
v 0.611628 -1.64745 0.0625016 
v 0.750012 -1.62499 0.0625016 
v 0.888362 -1.64745 0.0625016 
v 0.992675 -1.69847 0.0625016 
v 0.50732 -1.69846 0.187502 
v 0.611628 -1.64745 0.187502 
v 0.992675 -1.69847 0.187502 
v 0.888362 -1.64745 0.187502 
v 0.750012 -1.62499 0.187502 
v 0.50731 -2.42651 0.187502 
v 0.611679 -2.47756 0.187502 
v 0.749991 -2.49999 0.187502 
v 0.888331 -2.47755 0.187502 
v 0.992686 -2.42651 0.187502 
v 0.992686 -2.42651 0.0625015 
v 0.888331 -2.47755 0.0625016 
v 0.749991 -2.49999 0.0625016 
v 0.611679 -2.47756 0.0625016 
v 1.16505 -2.20084 0.187502 
v 1.1875 -2.06249 0.187502 
v 1.16505 -1.92415 0.187502 
v 1.11402 -1.8198 0.0625015 
v 1.16505 -1.92415 0.0625016 
v 1.1875 -2.06249 0.0625016 
v 1.16505 -2.20084 0.0625016 
v 1.11402 -2.30518 0.0625016 

vn -0.834646 -0.551181 0 
vn -0.708661 -0.708661 0 
vn -0.834646 -0.551181 0 
vn -0.708661 -0.708661 0 
vn -0.944882 -0.314961 0 
vn -0.944882 -0.314961 0 
vn -1 0 0 
vn -1 0 0 
vn -0.944882 0.314961 0 
vn -0.944882 0.314961 0 
vn -0.834646 0.551181 0 
vn -0.834646 0.551181 0 
vn -0.708661 0.708661 0 
vn -0.708661 0.708661 0 
vn 0 1 0 
vn -0.314961 0.944882 0 
vn 0 1 0 
vn -0.314961 0.944882 0 
vn 0.314961 0.944882 0 
vn 0.314961 0.944882 0 
vn -0.551181 0.834646 0 
vn -0.708661 0.708661 0 
vn -0.551181 0.834646 0 
vn -0.708661 0.708661 0 
vn 0.551181 0.834646 0 
vn 0.551181 0.834646 0 
vn 0.708661 0.708661 0 
vn 0.708661 0.708661 0 
vn 0.834646 0.551181 0 
vn 0.708661 0.708661 0 
vn 0.834646 0.551181 0 
vn 0.708661 0.708661 0 
vn 0.944882 0.314961 0 
vn 0.944882 0.314961 0 
vn 1 0 0 
vn 1 0 0 
vn 0.944882 -0.314961 0 
vn 0.944882 -0.314961 0 
vn 0.834646 -0.551181 0 
vn 0.834646 -0.551181 0 
vn 0.708661 -0.708661 0 
vn 0.708661 -0.708661 0 
vn 0.708661 -0.708661 0 
vn 0.685039 -0.724409 0 
vn 0.708661 -0.708661 0 
vn 0.551181 -0.834646 0 
vn 0.551181 -0.834646 0 
vn 0.314961 -0.944882 0 
vn 0.314961 -0.944882 0 
vn 0 -1 0 
vn 0 -1 0 
vn -0.314961 -0.944882 0 
vn -0.314961 -0.944882 0 
vn -0.551181 -0.834646 0 
vn -0.551181 -0.834646 0 
vn -0.708661 -0.708661 0 
vn -0.708661 -0.708661 0 
vn -0.314961 -0.944882 0 
vn -0.314961 -0.944882 0 
vn 0 -1 0 
vn 0 -1 0 
vn -0.551181 -0.834646 0 
vn -0.551181 -0.834646 0 
vn -0.708661 -0.708661 0 
vn -0.708661 -0.708661 0 
vn -0.834646 -0.551181 0 
vn -0.834646 -0.551181 0 
vn -0.708661 -0.708661 0 
vn -0.708661 -0.708661 0 
vn -0.944882 -0.314961 0 
vn -0.944882 -0.314961 0 
vn -1 0 0 
vn -1 0 0 
vn -0.944882 0.314961 0 
vn -0.944882 0.314961 0 
vn -0.834646 0.551181 0 
vn -0.834646 0.551181 0 
vn -0.708661 0.708661 0 
vn -0.708661 0.708661 0 
vn -0.708661 0.708661 0 
vn -0.708661 0.708661 0 
vn -0.551181 0.834646 0 
vn -0.551181 0.834646 0 
vn -0.314961 0.944882 0 
vn -0.314961 0.944882 0 
vn 0 1 0 
vn 0 1 0 
vn 0.314961 0.944882 0 
vn 0.314961 0.944882 0 
vn 0.551181 0.834646 0 
vn 0.551181 0.834646 0 
vn 0.708661 0.708661 0 
vn 0.708661 0.708661 0 
vn 0.834646 0.551181 0 
vn 0.834646 0.551181 0 
vn 0.708661 0.708661 0 
vn 0.708661 0.708661 0 
vn 0.944882 0.314961 0 
vn 0.944882 0.314961 0 
vn 1 0 0 
vn 1 0 0 
vn 0.944882 -0.314961 0 
vn 0.944882 -0.314961 0 
vn 0.834646 -0.551181 0 
vn 0.834646 -0.551181 0 
vn 0.708661 -0.708661 0 
vn 0.708661 -0.708661 0 
vn 0.551181 -0.834646 0 
vn 0.551181 -0.834646 0 
vn 0.708661 -0.708661 0 
vn 0.708661 -0.708661 0 
vn 0.314961 -0.944882 0 
vn 0.314961 -0.944882 0 
vn 0 0 1 
vn 0 0 1 
vn 0 0 1 
vn 0 0 -1 
vn 0 0 -1 
vn 0 0 -1 
vn 0 0 -1 
vn 0 0 -1 
vn 0 0 -1 
vn 0 0 1 
vn 0 0 1 
vn 0 0 1 
vn 0 0 1 
vn 0 0 -1 
vn 0 0 -1 
vn 0 0 1 
vn 0 0 1 
vn 0 0 -1 
vn 0 0 -1 
vn 0 0 1 
vn 0 0 1 
vn 0 0 -1 
vn 0 0 -1 
vn 0 0 1 
vn 0 0 1 
vn 0 0 -1 
vn 0 0 -1 
vn 0 0 1 
vn 0 0 1 
vn 0 0 1 
vn 0 0 -1 
vn 0 0 1 
vn 0 0 1 
vn 0 0 -1 
vn 0 0 -1 
vn 0 0 -1 
vn 0 0 -1 
vn 0 0 -1 
vn 0 0 -1 
vn 0 0 1 
vn 0 0 1 
vn 0 0 1 
vn 0 0 1 
vn 0 0 1 
vn 0 0 1 
vn 0 0 -1 
vn 0 0 -1 
vn 0 0 1 
vn 0 0 1 
vn 0 0 -1 
vn 0 0 -1 
vn 0 0 1 
vn 0 0 1 
vn 0 0 -1 
vn 0 0 -1 
vn 0 0 1 
vn 0 0 1 
vn 0 0 -1 
vn 0 0 -1 
vn 0 0 1 
vn 0 0 1 
vn 0 0 -1 
vn 0 0 -1 
vn 0 0 -1 
vn 0 0 -1 
vn 0 0 -1 
vn 0 0 -1 
vn 0 0 1 
vn 0 0 1 
vn 0 0 1 
vn 0 0 1 
vn 0 0 -1 
vn 0 0 -1 
vn 0 0 -1 
vn 0 0 -1 
vn 0 0 1 
vn 0 0 1 
vn 0 0 1 
vn 0 0 1 
vn 0 0 1 
vn 0 0 1 
vn 0 0 1 
vn 0 0 1 
vn 0 0 1 
vn 0 0 1 
vn 0 0 -1 
vn 0 0 -1 
vn 0 0 -1 
vn 0 0 -1 
vn 0 0 1 
vn 0 0 1 
vn 0 0 1 
vn 0 0 -1 
vn 0 0 -1 
vn 0 0 -1 
vn 0 0 -1 
vn 0 0 -1 

vt 1.99219 -51.0303 
vt 1.99219 -51.0387 
vt 2.00781 -51.0303 
vt 2.00781 -51.0387 
vt 1.99219 -51.0173 
vt 2.00781 -51.0173 
vt 1.99219 -51 
vt 2.00781 -51 
vt 1.99219 -50.9827 
vt 2.00781 -50.9827 
vt 1.99219 -50.9697 
vt 2.00781 -50.9697 
vt 1.99219 -50.9613 
vt 2.00781 -50.9613 
vt 2.00781 -51 
vt 2.00781 -50.9827 
vt 1.99219 -51 
vt 1.99219 -50.9827 
vt 2.00781 -51.0173 
vt 1.99219 -51.0173 
vt 2.00781 -50.9697 
vt 2.00781 -50.9613 
vt 1.99219 -50.9697 
vt 1.99219 -50.9613 
vt 2.00781 -51.0303 
vt 1.99219 -51.0303 
vt 2.00781 -51.0387 
vt 1.99219 -51.0387 
vt 2.00781 -50.9697 
vt 2.00781 -50.9613 
vt 1.99219 -50.9697 
vt 1.99219 -50.9613 
vt 2.00781 -50.9827 
vt 1.99219 -50.9827 
vt 2.00781 -51 
vt 1.99219 -51 
vt 2.00781 -51.0173 
vt 1.99219 -51.0173 
vt 2.00781 -51.0303 
vt 1.99219 -51.0303 
vt 2.00781 -51.0387 
vt 1.99219 -51.0387 
vt 2.00781 -51.0387 
vt 2.00781 -51.0376 
vt 1.99219 -51.0387 
vt 2.00781 -51.0303 
vt 1.99219 -51.0303 
vt 2.00781 -51.0173 
vt 1.99219 -51.0173 
vt 2.00781 -51 
vt 1.99219 -51 
vt 2.00781 -50.9827 
vt 1.99219 -50.9827 
vt 2.00781 -50.9697 
vt 1.99219 -50.9697 
vt 2.00781 -50.9613 
vt 1.99219 -50.9613 
vt 1.99219 -51.0124 
vt 2.00781 -51.0124 
vt 1.99219 -51 
vt 2.00781 -51 
vt 1.99219 -51.0217 
vt 2.00781 -51.0217 
vt 1.99219 -51.0276 
vt 2.00781 -51.0276 
vt 1.99219 -50.9783 
vt 2.00781 -50.9783 
vt 1.99219 -50.9724 
vt 2.00781 -50.9724 
vt 1.99219 -50.9876 
vt 2.00781 -50.9876 
vt 1.99219 -51 
vt 2.00781 -51 
vt 1.99219 -51.0124 
vt 2.00781 -51.0124 
vt 1.99219 -51.0217 
vt 2.00781 -51.0217 
vt 1.99219 -51.0276 
vt 2.00781 -51.0276 
vt 1.99219 -51.0276 
vt 2.00781 -51.0276 
vt 1.99219 -51.0217 
vt 2.00781 -51.0217 
vt 1.99219 -51.0124 
vt 2.00781 -51.0124 
vt 1.99219 -51 
vt 2.00781 -51 
vt 1.99219 -50.9876 
vt 2.00781 -50.9876 
vt 1.99219 -50.9783 
vt 2.00781 -50.9783 
vt 1.99219 -50.9724 
vt 2.00781 -50.9724 
vt 2.00781 -51.0217 
vt 1.99219 -51.0217 
vt 2.00781 -51.0276 
vt 1.99219 -51.0276 
vt 2.00781 -51.0124 
vt 1.99219 -51.0124 
vt 2.00781 -51 
vt 1.99219 -51 
vt 2.00781 -50.9876 
vt 1.99219 -50.9876 
vt 2.00781 -50.9783 
vt 1.99219 -50.9783 
vt 2.00781 -50.9724 
vt 1.99219 -50.9724 
vt 1.99219 -50.9783 
vt 2.00781 -50.9783 
vt 1.99219 -50.9724 
vt 2.00781 -50.9724 
vt 1.99219 -50.9876 
vt 2.00781 -50.9876 
vt 2.03906 -51 
vt 2.03867 -50.9613 
vt 2.03706 -50.9876 
vt 1.96094 -51 
vt 1.96133 -50.9613 
vt 1.9545 -50.9697 
vt 1.96294 -50.9876 
vt 1.96294 -51.0124 
vt 1.96133 -51.0387 
vt 2.03706 -51.0124 
vt 2.03867 -51.0387 
vt 2.03034 -51.0455 
vt 2.0325 -50.9783 
vt 1.9675 -50.9783 
vt 1.9675 -51.0217 
vt 2.0325 -51.0217 
vt 2.02762 -50.9724 
vt 1.97238 -50.9724 
vt 1.97238 -51.0276 
vt 2.02762 -51.0276 
vt 2.02167 -50.9675 
vt 1.97833 -50.9675 
vt 1.97833 -51.0325 
vt 2.02167 -51.0325 
vt 2.01235 -50.9629 
vt 1.98765 -50.9629 
vt 1.98765 -51.0371 
vt 2.01235 -51.0371 
vt 2 -50.9609 
vt 2.03033 -50.9545 
vt 2 -51.0391 
vt 1.98765 -50.9629 
vt 1.96133 -50.9613 
vt 2 -50.9609 
vt 2.01235 -50.9629 
vt 2.03867 -50.9613 
vt 2.0455 -50.9697 
vt 2.01235 -51.0371 
vt 2.03867 -51.0387 
vt 1.98765 -51.0371 
vt 1.96043 -51.0376 
vt 2 -51.0391 
vt 1.96133 -51.0387 
vt 1.96966 -51.0455 
vt 1.97833 -50.9675 
vt 2.02167 -50.9675 
vt 2.02167 -51.0325 
vt 1.97833 -51.0325 
vt 1.97238 -50.9724 
vt 2.02762 -50.9724 
vt 2.02762 -51.0276 
vt 1.97238 -51.0276 
vt 1.9675 -50.9783 
vt 2.0325 -50.9783 
vt 2.0325 -51.0217 
vt 1.9675 -51.0217 
vt 1.96294 -50.9876 
vt 2.03706 -50.9876 
vt 2.03706 -51.0124 
vt 1.96294 -51.0124 
vt 1.96094 -51 
vt 2.03906 -51 
vt 2 -50.9453 
vt 1.98271 -50.9481 
vt 2.01729 -50.9481 
vt 1.96967 -50.9545 
vt 2.03034 -50.9545 
vt 2.01729 -50.9481 
vt 2 -50.9453 
vt 1.98271 -50.9481 
vt 1.96966 -50.9545 
vt 1.94812 -50.9827 
vt 1.94531 -51 
vt 1.94812 -51.0173 
vt 1.9545 -51.0303 
vt 2.0455 -50.9697 
vt 2.05188 -50.9827 
vt 2.0455 -51.0303 
vt 2.05188 -51.0173 
vt 2.05469 -51 
vt 1.9545 -50.9697 
vt 1.94812 -50.9827 
vt 1.94531 -51 
vt 1.94812 -51.0173 
vt 1.9545 -51.0303 
vt 2.0455 -51.0303 
vt 2.05188 -51.0173 
vt 2.05469 -51 
vt 2.05188 -50.9827 
vt 1.98271 -51.0519 
vt 2 -51.0547 
vt 2.01729 -51.0519 
vt 1.96966 -51.0455 
vt 1.98271 -51.0519 
vt 2 -51.0547 
vt 2.01729 -51.0519 
vt 2.03034 -51.0455 

usemtl T1Mtl

f 484/484/484 485/485/485 486/486/486 
f 485/485/485 487/487/487 486/486/486 
f 488/488/488 484/484/484 489/489/489 
f 484/484/484 486/486/486 489/489/489 
f 490/490/490 488/488/488 491/491/491 
f 488/488/488 489/489/489 491/491/491 
f 492/492/492 490/490/490 493/493/493 
f 490/490/490 491/491/491 493/493/493 
f 494/494/494 492/492/492 495/495/495 
f 492/492/492 493/493/493 495/495/495 
f 496/496/496 494/494/494 497/497/497 
f 494/494/494 495/495/495 497/497/497 
f 498/498/498 499/499/499 500/500/500 
f 499/499/499 501/501/501 500/500/500 
f 502/502/502 498/498/498 503/503/503 
f 498/498/498 500/500/500 503/503/503 
f 504/504/504 505/505/505 506/506/506 
f 505/505/505 507/507/507 506/506/506 
f 499/499/499 504/504/504 501/501/501 
f 504/504/504 506/506/506 501/501/501 
f 508/508/508 502/502/502 509/509/509 
f 502/502/502 503/503/503 509/509/509 
f 510/510/510 508/508/508 511/511/511 
f 509/509/509 511/511/511 508/508/508 
f 512/512/512 513/513/513 514/514/514 
f 515/515/515 514/514/514 513/513/513 
f 516/516/516 512/512/512 517/517/517 
f 512/512/512 514/514/514 517/517/517 
f 518/518/518 516/516/516 519/519/519 
f 516/516/516 517/517/517 519/519/519 
f 520/520/520 518/518/518 521/521/521 
f 518/518/518 519/519/519 521/521/521 
f 522/522/522 520/520/520 523/523/523 
f 520/520/520 521/521/521 523/523/523 
f 524/524/524 522/522/522 525/525/525 
f 522/522/522 523/523/523 525/525/525 
f 526/526/526 527/527/527 528/528/528 
f 527/527/527 529/529/529 528/528/528 
f 529/529/529 530/530/530 528/528/528 
f 529/529/529 531/531/531 530/530/530 
f 531/531/531 532/532/532 530/530/530 
f 531/531/531 533/533/533 532/532/532 
f 533/533/533 534/534/534 532/532/532 
f 533/533/533 535/535/535 534/534/534 
f 535/535/535 536/536/536 534/534/534 
f 535/535/535 537/537/537 536/536/536 
f 537/537/537 538/538/538 536/536/536 
f 537/537/537 539/539/539 538/538/538 
f 540/540/540 538/538/538 539/539/539 
f 541/541/541 542/542/542 543/543/543 
f 542/542/542 544/544/544 543/543/543 
f 545/545/545 546/546/546 541/541/541 
f 546/546/546 542/542/542 541/541/541 
f 547/547/547 548/548/548 545/545/545 
f 548/548/548 546/546/546 545/545/545 
f 549/549/549 550/550/550 551/551/551 
f 550/550/550 552/552/552 551/551/551 
f 553/553/553 554/554/554 549/549/549 
f 554/554/554 550/550/550 549/549/549 
f 555/555/555 556/556/556 553/553/553 
f 556/556/556 554/554/554 553/553/553 
f 557/557/557 558/558/558 555/555/555 
f 558/558/558 556/556/556 555/555/555 
f 559/559/559 560/560/560 557/557/557 
f 560/560/560 558/558/558 557/557/557 
f 561/561/561 562/562/562 559/559/559 
f 562/562/562 560/560/560 559/559/559 
f 563/563/563 564/564/564 565/565/565 
f 564/564/564 566/566/566 565/565/565 
f 565/565/565 566/566/566 567/567/567 
f 566/566/566 568/568/568 567/567/567 
f 567/567/567 568/568/568 569/569/569 
f 568/568/568 570/570/570 569/569/569 
f 569/569/569 570/570/570 571/571/571 
f 570/570/570 572/572/572 571/571/571 
f 571/571/571 572/572/572 573/573/573 
f 572/572/572 574/574/574 573/573/573 
f 573/573/573 574/574/574 575/575/575 
f 574/574/574 576/576/576 575/575/575 
f 577/577/577 578/578/578 579/579/579 
f 578/578/578 580/580/580 579/579/579 
f 581/581/581 582/582/582 577/577/577 
f 582/582/582 578/578/578 577/577/577 
f 583/583/583 584/584/584 581/581/581 
f 584/584/584 582/582/582 581/581/581 
f 585/585/585 586/586/586 583/583/583 
f 586/586/586 584/584/584 583/583/583 
f 587/587/587 588/588/588 585/585/585 
f 588/588/588 586/586/586 585/585/585 
f 589/589/589 590/590/590 587/587/587 
f 590/590/590 588/588/588 587/587/587 
f 591/591/591 592/592/592 593/593/593 
f 592/592/592 594/594/594 593/593/593 
f 595/595/595 596/596/596 591/591/591 
f 596/596/596 592/592/592 591/591/591 
f 543/543/543 544/544/544 595/595/595 
f 544/544/544 596/596/596 595/595/595 
f 597/597/597 598/598/598 599/599/599 
f 600/600/600 601/601/601 602/602/602 
f 603/603/603 601/601/601 600/600/600 
f 604/604/604 602/602/602 605/605/605 
f 600/600/600 602/602/602 604/604/604 
f 597/597/597 606/606/606 607/607/607 
f 606/606/606 608/608/608 607/607/607 
f 599/599/599 598/598/598 609/609/609 
f 610/610/610 601/601/601 603/603/603 
f 604/604/604 605/605/605 611/611/611 
f 606/606/606 612/612/612 608/608/608 
f 609/609/609 598/598/598 613/613/613 
f 614/614/614 601/601/601 610/610/610 
f 611/611/611 605/605/605 615/615/615 
f 612/612/612 616/616/616 608/608/608 
f 613/613/613 598/598/598 617/617/617 
f 618/618/618 601/601/601 614/614/614 
f 615/615/615 605/605/605 619/619/619 
f 616/616/616 620/620/620 608/608/608 
f 617/617/617 598/598/598 621/621/621 
f 622/622/622 601/601/601 618/618/618 
f 619/619/619 605/605/605 623/623/623 
f 620/620/620 624/624/624 608/608/608 
f 625/625/625 598/598/598 626/626/626 
f 621/621/621 598/598/598 625/625/625 
f 623/623/623 605/605/605 627/627/627 
f 628/628/628 626/626/626 629/629/629 
f 625/625/625 626/626/626 628/628/628 
f 630/630/630 631/631/631 632/632/632 
f 631/631/631 633/633/633 632/632/632 
f 634/634/634 627/627/627 635/635/635 
f 636/636/636 637/637/637 638/638/638 
f 637/637/637 639/639/639 638/638/638 
f 639/639/639 640/640/640 638/638/638 
f 628/628/628 629/629/629 641/641/641 
f 631/631/631 642/642/642 633/633/633 
f 634/634/634 635/635/635 643/643/643 
f 636/636/636 644/644/644 637/637/637 
f 641/641/641 629/629/629 645/645/645 
f 642/642/642 646/646/646 633/633/633 
f 643/643/643 635/635/635 647/647/647 
f 644/644/644 648/648/648 637/637/637 
f 645/645/645 629/629/629 649/649/649 
f 646/646/646 650/650/650 633/633/633 
f 647/647/647 635/635/635 651/651/651 
f 648/648/648 652/652/652 637/637/637 
f 649/649/649 629/629/629 653/653/653 
f 650/650/650 654/654/654 633/633/633 
f 651/651/651 635/635/635 655/655/655 
f 652/652/652 656/656/656 637/637/637 
f 656/656/656 657/657/657 637/637/637 
f 653/653/653 629/629/629 657/657/657 
f 655/655/655 635/635/635 658/658/658 
f 659/659/659 660/660/660 661/661/661 
f 660/660/660 662/662/662 661/661/661 
f 662/662/662 601/601/601 661/661/661 
f 601/601/601 622/622/622 661/661/661 
f 622/622/622 630/630/630 661/661/661 
f 630/630/630 632/632/632 661/661/661 
f 632/632/632 663/663/663 661/661/661 
f 626/626/626 664/664/664 629/629/629 
f 664/664/664 665/665/665 629/629/629 
f 665/665/665 666/666/666 629/629/629 
f 666/666/666 667/667/667 629/629/629 
f 602/602/602 668/668/668 605/605/605 
f 668/668/668 669/669/669 605/605/605 
f 669/669/669 670/670/670 605/605/605 
f 670/670/670 671/671/671 605/605/605 
f 672/672/672 598/598/598 673/673/673 
f 598/598/598 597/597/597 673/673/673 
f 597/597/597 607/607/607 673/673/673 
f 607/607/607 674/674/674 673/673/673 
f 674/674/674 675/675/675 673/673/673 
f 675/675/675 676/676/676 673/673/673 
f 657/657/657 677/677/677 637/637/637 
f 629/629/629 677/677/677 657/657/657 
f 677/677/677 678/678/678 637/637/637 
f 678/678/678 679/679/679 637/637/637 
f 679/679/679 680/680/680 637/637/637 
f 680/680/680 681/681/681 637/637/637 
f 654/654/654 682/682/682 633/633/633 
f 658/658/658 682/682/682 654/654/654 
f 635/635/635 682/682/682 658/658/658 
f 682/682/682 683/683/683 633/633/633 
f 683/683/683 684/684/684 633/633/633 
f 684/684/684 685/685/685 633/633/633 
f 624/624/624 640/640/640 608/608/608 
f 638/638/638 640/640/640 624/624/624 
f 640/640/640 686/686/686 608/608/608 
f 686/686/686 687/687/687 608/608/608 
f 687/687/687 688/688/688 608/608/608 
f 627/627/627 689/689/689 635/635/635 
f 605/605/605 689/689/689 627/627/627 
f 689/689/689 690/690/690 635/635/635 
f 690/690/690 691/691/691 635/635/635 
f 691/691/691 692/692/692 635/635/635 
f 692/692/692 693/693/693 635/635/635 

g Union3

v 1.3125 1.50001 0.062502 
v 1.3125 2.625 0.062502 
v 1.3125 1.50001 0.187502 
v 1.3125 2.625 0.187502 
v 1.3125 1.50001 0.062502 
v 1.3125 1.50001 0.187502 
v 0.1875 1.50001 0.062502 
v 0.1875 1.50001 0.187502 
v 0.1875 1.50001 0.187502 
v 0.1875 2.625 0.187502 
v 0.1875 1.50001 0.062502 
v 0.1875 2.625 0.062502 
v 0.1875 2.625 0.062502 
v 0.1875 2.625 0.187502 
v 1.3125 2.625 0.062502 
v 1.3125 2.625 0.187502 
v 0.6875 1.62501 0.187502 
v 0.6875 1.62501 0.062502 
v 0.6875 2.50001 0.187502 
v 0.6875 2.50001 0.062502 
v 0.8125 2.50001 0.062502 
v 0.8125 2.50001 0.187502 
v 0.6875 2.50001 0.062502 
v 0.6875 2.50001 0.187502 
v 0.8125 1.62501 0.062502 
v 0.8125 1.62501 0.187502 
v 0.8125 2.50001 0.062502 
v 0.8125 2.50001 0.187502 
v 0.6875 1.62501 0.062502 
v 0.6875 1.62501 0.187502 
v 0.8125 1.62501 0.062502 
v 0.8125 1.62501 0.187502 
v 0.6875 1.62501 0.062502 
v 0.8125 1.62501 0.062502 
v 1.3125 1.50001 0.062502 
v 0.8125 1.62501 0.187502 
v 0.6875 1.62501 0.187502 
v 0.1875 1.50001 0.187502 
v 0.1875 2.625 0.187502 
v 0.6875 2.50001 0.187502 
v 0.1875 2.625 0.062502 
v 0.1875 1.50001 0.062502 
v 0.8125 2.50001 0.187502 
v 1.3125 2.625 0.187502 
v 0.6875 2.50001 0.062502 
v 0.8125 2.50001 0.062502 
v 1.3125 2.625 0.062502 
v 1.3125 1.50001 0.187502 

vn 1 0 0 
vn 1 0 0 
vn 1 0 0 
vn 1 0 0 
vn 0 -1 0 
vn 0 -1 0 
vn 0 -1 0 
vn 0 -1 0 
vn -1 0 0 
vn -1 0 0 
vn -1 0 0 
vn -1 0 0 
vn 0 1 0 
vn 0 1 0 
vn 0 1 0 
vn 0 1 0 
vn 1 0 0 
vn 1 0 0 
vn 1 0 0 
vn 1 0 0 
vn 0 -1 0 
vn 0 -1 0 
vn 0 -1 0 
vn 0 -1 0 
vn -1 0 0 
vn -1 0 0 
vn -1 0 0 
vn -1 0 0 
vn 0 1 0 
vn 0 1 0 
vn 0 1 0 
vn 0 1 0 
vn 0 0 -1 
vn 0 0 -1 
vn 0 0 -1 
vn 0 0 1 
vn 0 0 1 
vn 0 0 1 
vn 0 0 1 
vn 0 0 1 
vn 0 0 -1 
vn 0 0 -1 
vn 0 0 1 
vn 0 0 1 
vn 0 0 -1 
vn 0 0 -1 
vn 0 0 -1 
vn 0 0 1 

vt 5.92969 -47.0078 
vt 6.07031 -47.0078 
vt 5.92969 -46.9922 
vt 6.07031 -46.9922 
vt 6.07031 -47.0078 
vt 6.07031 -46.9922 
vt 5.92969 -47.0078 
vt 5.92969 -46.9922 
vt 6.07031 -46.9922 
vt 5.92969 -46.9922 
vt 6.07031 -47.0078 
vt 5.92969 -47.0078 
vt 6.07031 -47.0078 
vt 6.07031 -46.9922 
vt 5.92969 -47.0078 
vt 5.92969 -46.9922 
vt 5.94531 -46.9922 
vt 5.94531 -47.0078 
vt 6.05469 -46.9922 
vt 6.05469 -47.0078 
vt 6.00781 -47.0078 
vt 6.00781 -46.9922 
vt 5.99219 -47.0078 
vt 5.99219 -46.9922 
vt 6.05469 -47.0078 
vt 6.05469 -46.9922 
vt 5.94531 -47.0078 
vt 5.94531 -46.9922 
vt 6.00781 -47.0078 
vt 6.00781 -46.9922 
vt 5.99219 -47.0078 
vt 5.99219 -46.9922 
vt 6.00781 -47.0547 
vt 5.99219 -47.0547 
vt 5.92969 -47.0703 
vt 6.00781 -47.0547 
vt 5.99219 -47.0547 
vt 5.92969 -47.0703 
vt 5.92969 -46.9297 
vt 5.99219 -46.9453 
vt 6.07031 -46.9297 
vt 6.07031 -47.0703 
vt 6.00781 -46.9453 
vt 6.07031 -46.9297 
vt 6.00781 -46.9453 
vt 5.99219 -46.9453 
vt 5.92969 -46.9297 
vt 6.07031 -47.0703 

usemtl Part1Mtl

f 694/694/694 695/695/695 696/696/696 
f 695/695/695 697/697/697 696/696/696 
f 698/698/698 699/699/699 700/700/700 
f 699/699/699 701/701/701 700/700/700 
f 702/702/702 703/703/703 704/704/704 
f 703/703/703 705/705/705 704/704/704 
f 706/706/706 707/707/707 708/708/708 
f 707/707/707 709/709/709 708/708/708 
f 710/710/710 711/711/711 712/712/712 
f 711/711/711 713/713/713 712/712/712 
f 714/714/714 715/715/715 716/716/716 
f 715/715/715 717/717/717 716/716/716 
f 718/718/718 719/719/719 720/720/720 
f 719/719/719 721/721/721 720/720/720 
f 722/722/722 723/723/723 724/724/724 
f 723/723/723 725/725/725 724/724/724 
f 726/726/726 727/727/727 728/728/728 
f 729/729/729 730/730/730 731/731/731 
f 730/730/730 732/732/732 731/731/731 
f 733/733/733 732/732/732 730/730/730 
f 734/734/734 726/726/726 735/735/735 
f 726/726/726 728/728/728 735/735/735 
f 736/736/736 737/737/737 733/733/733 
f 729/729/729 737/737/737 736/736/736 
f 737/737/737 732/732/732 733/733/733 
f 738/738/738 734/734/734 739/739/739 
f 726/726/726 734/734/734 738/738/738 
f 734/734/734 740/740/740 739/739/739 
f 727/727/727 740/740/740 728/728/728 
f 739/739/739 740/740/740 727/727/727 
f 737/737/737 729/729/729 741/741/741 
f 729/729/729 731/731/731 741/741/741 

g L1

v 0.6875 1.625 0.187502 
v 0.6875 2.5 0.187502 
v 0.6875 1.625 0.062502 
v 0.6875 2.5 0.062502 
v 0.8125 2.5 0.187502 
v 0.6875 2.5 0.187502 
v 0.8125 1.625 0.187502 
v 0.6875 1.625 0.187502 
v 0.6875 2.5 0.187502 
v 0.8125 2.5 0.187502 
v 0.6875 2.5 0.062502 
v 0.8125 2.5 0.062502 
v 0.8125 2.5 0.187502 
v 0.8125 1.625 0.187502 
v 0.8125 2.5 0.062502 
v 0.8125 1.625 0.062502 
v 0.8125 1.625 0.062502 
v 0.6875 1.625 0.062502 
v 0.8125 2.5 0.062502 
v 0.6875 2.5 0.062502 
v 0.8125 1.625 0.187502 
v 0.6875 1.625 0.187502 
v 0.8125 1.625 0.062502 
v 0.6875 1.625 0.062502 

vn -1 0 0 
vn -1 0 0 
vn -1 0 0 
vn -1 0 0 
vn 0 0 1 
vn 0 0 1 
vn 0 0 1 
vn 0 0 1 
vn 0 1 0 
vn 0 1 0 
vn 0 1 0 
vn 0 1 0 
vn 1 0 0 
vn 1 0 0 
vn 1 0 0 
vn 1 0 0 
vn 0 0 -1 
vn 0 0 -1 
vn 0 0 -1 
vn 0 0 -1 
vn 0 -1 0 
vn 0 -1 0 
vn 0 -1 0 
vn 0 -1 0 

vt 7.60938 0.25 
vt 7.5 0.25 
vt 7.60938 0.234375 
vt 7.5 0.234375 
vt 7.51562 0.25 
vt 7.5 0.25 
vt 7.51562 0.140625 
vt 7.5 0.140625 
vt 7.51562 0.25 
vt 7.5 0.25 
vt 7.51562 0.234375 
vt 7.5 0.234375 
vt 7.60938 0.25 
vt 7.5 0.25 
vt 7.60938 0.234375 
vt 7.5 0.234375 
vt 7.51562 0.25 
vt 7.5 0.25 
vt 7.51562 0.140625 
vt 7.5 0.140625 
vt 7.51562 0.25 
vt 7.5 0.25 
vt 7.51562 0.234375 
vt 7.5 0.234375 

usemtl T1Mtl

f 742/742/742 743/743/743 744/744/744 
f 744/744/744 743/743/743 745/745/745 
f 746/746/746 747/747/747 748/748/748 
f 748/748/748 747/747/747 749/749/749 
f 750/750/750 751/751/751 752/752/752 
f 752/752/752 751/751/751 753/753/753 
f 754/754/754 755/755/755 756/756/756 
f 756/756/756 755/755/755 757/757/757 
f 758/758/758 759/759/759 760/760/760 
f 760/760/760 759/759/759 761/761/761 
f 762/762/762 763/763/763 764/764/764 
f 764/764/764 763/763/763 765/765/765 

g Union4

v 0.1875 -0.125 0.0625021 
v 0.1875 -0.125 0.187502 
v 1.3125 -0.125 0.0625021 
v 1.3125 -0.125 0.187502 
v 0.1875 -1.25 0.187502 
v 0.1875 -0.125 0.187502 
v 0.1875 -1.25 0.0625021 
v 0.1875 -0.125 0.0625021 
v 1.3125 -1.25 0.0625021 
v 1.3125 -0.125 0.0625021 
v 1.3125 -1.25 0.187502 
v 1.3125 -0.125 0.187502 
v 1.3125 -1.25 0.0625021 
v 1.3125 -1.25 0.187502 
v 0.1875 -1.25 0.0625021 
v 0.1875 -1.25 0.187502 
v 0.3125 -1.125 0.187502 
v 0.3125 -1.125 0.0625021 
v 0.3125 -0.25 0.187502 
v 0.3125 -0.25 0.0625021 
v 1.1875 -0.25 0.0625021 
v 1.1875 -0.25 0.187502 
v 0.3125 -0.25 0.0625021 
v 0.3125 -0.25 0.187502 
v 1.1875 -1.125 0.0625021 
v 1.1875 -1.125 0.187502 
v 1.1875 -0.25 0.0625021 
v 1.1875 -0.25 0.187502 
v 0.3125 -1.125 0.0625021 
v 0.3125 -1.125 0.187502 
v 1.1875 -1.125 0.0625021 
v 1.1875 -1.125 0.187502 
v 1.0625 -0.999992 0.0625021 
v 1.0625 -0.999992 0.187502 
v 0.4375 -0.999992 0.0625021 
v 0.4375 -0.999992 0.187502 
v 1.0625 -0.374992 0.0625021 
v 1.0625 -0.374992 0.187502 
v 1.0625 -0.999992 0.0625021 
v 1.0625 -0.999992 0.187502 
v 0.4375 -0.374992 0.0625021 
v 0.4375 -0.374992 0.187502 
v 1.0625 -0.374992 0.0625021 
v 1.0625 -0.374992 0.187502 
v 0.4375 -0.374992 0.187502 
v 0.4375 -0.374992 0.0625021 
v 0.4375 -0.999992 0.187502 
v 0.4375 -0.999992 0.0625021 
v 1.1875 -1.125 0.187502 
v 1.3125 -1.25 0.187502 
v 1.1875 -0.25 0.187502 
v 0.3125 -1.125 0.187502 
v 1.0625 -0.999992 0.187502 
v 1.0625 -0.374992 0.187502 
v 0.4375 -0.999992 0.187502 
v 0.4375 -0.374992 0.187502 
v 1.0625 -0.374992 0.0625021 
v 1.0625 -0.999992 0.0625021 
v 0.4375 -0.374992 0.0625021 
v 0.4375 -0.999992 0.0625021 
v 0.1875 -0.125 0.187502 
v 0.1875 -1.25 0.187502 
v 0.3125 -0.25 0.187502 
v 0.1875 -0.125 0.0625021 
v 0.3125 -0.25 0.0625021 
v 0.1875 -1.25 0.0625021 
v 1.3125 -0.125 0.187502 
v 1.1875 -0.25 0.0625021 
v 1.3125 -0.125 0.0625021 
v 0.3125 -1.125 0.0625021 
v 1.1875 -1.125 0.0625021 
v 1.3125 -1.25 0.0625021 

vn 0 1 0 
vn 0 1 0 
vn 0 1 0 
vn 0 1 0 
vn -1 0 0 
vn -1 0 0 
vn -1 0 0 
vn -1 0 0 
vn 1 0 0 
vn 1 0 0 
vn 1 0 0 
vn 1 0 0 
vn 0 -1 0 
vn 0 -1 0 
vn 0 -1 0 
vn 0 -1 0 
vn 1 0 0 
vn 1 0 0 
vn 1 0 0 
vn 1 0 0 
vn 0 -1 0 
vn 0 -1 0 
vn 0 -1 0 
vn 0 -1 0 
vn -1 0 0 
vn -1 0 0 
vn -1 0 0 
vn -1 0 0 
vn 0 1 0 
vn 0 1 0 
vn 0 1 0 
vn 0 1 0 
vn 0 -1 0 
vn 0 -1 0 
vn 0 -1 0 
vn 0 -1 0 
vn 1 0 0 
vn 1 0 0 
vn 1 0 0 
vn 1 0 0 
vn 0 1 0 
vn 0 1 0 
vn 0 1 0 
vn 0 1 0 
vn -1 0 0 
vn -1 0 0 
vn -1 0 0 
vn -1 0 0 
vn 0 0 1 
vn 0 0 1 
vn 0 0 1 
vn 0 0 1 
vn 0 0 1 
vn 0 0 1 
vn 0 0 1 
vn 0 0 1 
vn 0 0 -1 
vn 0 0 -1 
vn 0 0 -1 
vn 0 0 -1 
vn 0 0 1 
vn 0 0 1 
vn 0 0 1 
vn 0 0 -1 
vn 0 0 -1 
vn 0 0 -1 
vn 0 0 1 
vn 0 0 -1 
vn 0 0 -1 
vn 0 0 -1 
vn 0 0 -1 
vn 0 0 -1 

vt 40.0703 -21.0078 
vt 40.0703 -20.9922 
vt 39.9297 -21.0078 
vt 39.9297 -20.9922 
vt 40.0703 -20.9922 
vt 39.9297 -20.9922 
vt 40.0703 -21.0078 
vt 39.9297 -21.0078 
vt 39.9297 -21.0078 
vt 40.0703 -21.0078 
vt 39.9297 -20.9922 
vt 40.0703 -20.9922 
vt 40.0703 -21.0078 
vt 40.0703 -20.9922 
vt 39.9297 -21.0078 
vt 39.9297 -20.9922 
vt 39.9453 -20.9922 
vt 39.9453 -21.0078 
vt 40.0547 -20.9922 
vt 40.0547 -21.0078 
vt 40.0547 -21.0078 
vt 40.0547 -20.9922 
vt 39.9453 -21.0078 
vt 39.9453 -20.9922 
vt 40.0547 -21.0078 
vt 40.0547 -20.9922 
vt 39.9453 -21.0078 
vt 39.9453 -20.9922 
vt 40.0547 -21.0078 
vt 40.0547 -20.9922 
vt 39.9453 -21.0078 
vt 39.9453 -20.9922 
vt 40.0391 -21.0078 
vt 40.0391 -20.9922 
vt 39.9609 -21.0078 
vt 39.9609 -20.9922 
vt 40.0391 -21.0078 
vt 40.0391 -20.9922 
vt 39.9609 -21.0078 
vt 39.9609 -20.9922 
vt 40.0391 -21.0078 
vt 40.0391 -20.9922 
vt 39.9609 -21.0078 
vt 39.9609 -20.9922 
vt 39.9609 -20.9922 
vt 39.9609 -21.0078 
vt 40.0391 -20.9922 
vt 40.0391 -21.0078 
vt 40.0547 -21.0547 
vt 40.0703 -21.0703 
vt 40.0547 -20.9453 
vt 39.9453 -21.0547 
vt 40.0391 -21.0391 
vt 40.0391 -20.9609 
vt 39.9609 -21.0391 
vt 39.9609 -20.9609 
vt 39.9609 -20.9609 
vt 39.9609 -21.0391 
vt 40.0391 -20.9609 
vt 40.0391 -21.0391 
vt 39.9297 -20.9297 
vt 39.9297 -21.0703 
vt 39.9453 -20.9453 
vt 40.0703 -20.9297 
vt 40.0547 -20.9453 
vt 40.0703 -21.0703 
vt 40.0703 -20.9297 
vt 39.9453 -20.9453 
vt 39.9297 -20.9297 
vt 40.0547 -21.0547 
vt 39.9453 -21.0547 
vt 39.9297 -21.0703 

usemtl Part1Mtl

f 766/766/766 767/767/767 768/768/768 
f 767/767/767 769/769/769 768/768/768 
f 770/770/770 771/771/771 772/772/772 
f 771/771/771 773/773/773 772/772/772 
f 774/774/774 775/775/775 776/776/776 
f 775/775/775 777/777/777 776/776/776 
f 778/778/778 779/779/779 780/780/780 
f 779/779/779 781/781/781 780/780/780 
f 782/782/782 783/783/783 784/784/784 
f 783/783/783 785/785/785 784/784/784 
f 786/786/786 787/787/787 788/788/788 
f 787/787/787 789/789/789 788/788/788 
f 790/790/790 791/791/791 792/792/792 
f 791/791/791 793/793/793 792/792/792 
f 794/794/794 795/795/795 796/796/796 
f 795/795/795 797/797/797 796/796/796 
f 798/798/798 799/799/799 800/800/800 
f 799/799/799 801/801/801 800/800/800 
f 802/802/802 803/803/803 804/804/804 
f 803/803/803 805/805/805 804/804/804 
f 806/806/806 807/807/807 808/808/808 
f 807/807/807 809/809/809 808/808/808 
f 810/810/810 811/811/811 812/812/812 
f 811/811/811 813/813/813 812/812/812 
f 814/814/814 815/815/815 816/816/816 
f 814/814/814 817/817/817 815/815/815 
f 818/818/818 819/819/819 820/820/820 
f 819/819/819 821/821/821 820/820/820 
f 822/822/822 823/823/823 824/824/824 
f 823/823/823 825/825/825 824/824/824 
f 817/817/817 826/826/826 827/827/827 
f 828/828/828 826/826/826 817/817/817 
f 829/829/829 830/830/830 831/831/831 
f 816/816/816 832/832/832 828/828/828 
f 832/832/832 826/826/826 828/828/828 
f 830/830/830 829/829/829 833/833/833 
f 829/829/829 834/834/834 833/833/833 
f 830/830/830 835/835/835 831/831/831 
f 835/835/835 836/836/836 831/831/831 
f 836/836/836 837/837/837 831/831/831 
f 817/817/817 827/827/827 815/815/815 
f 836/836/836 834/834/834 837/837/837 
f 833/833/833 834/834/834 836/836/836 
f 832/832/832 816/816/816 815/815/815 

g S1

v 0.3125 -1.125 0.187502 
v 0.3125 -0.25 0.187502 
v 0.3125 -1.125 0.0625021 
v 0.3125 -0.25 0.0625021 
v 1.1875 -1.125 0.0625021 
v 1.1875 -1.125 0.187502 
v 0.3125 -1.125 0.0625021 
v 0.3125 -1.125 0.187502 
v 1.1875 -1.125 0.0625021 
v 1.1875 -0.25 0.0625021 
v 1.1875 -1.125 0.187502 
v 1.1875 -0.25 0.187502 
v 0.3125 -0.25 0.0625021 
v 0.3125 -0.25 0.187502 
v 1.1875 -0.25 0.0625021 
v 1.1875 -0.25 0.187502 
v 0.4375 -0.999992 0.187502 
v 0.4375 -0.999992 0.0625021 
v 0.4375 -0.374992 0.187502 
v 0.4375 -0.374992 0.0625021 
v 1.0625 -0.374992 0.0625021 
v 1.0625 -0.374992 0.187502 
v 0.4375 -0.374992 0.0625021 
v 0.4375 -0.374992 0.187502 
v 1.0625 -0.999992 0.0625021 
v 1.0625 -0.999992 0.187502 
v 1.0625 -0.374992 0.0625021 
v 1.0625 -0.374992 0.187502 
v 0.4375 -0.999992 0.0625021 
v 0.4375 -0.999992 0.187502 
v 1.0625 -0.999992 0.0625021 
v 1.0625 -0.999992 0.187502 
v 0.4375 -0.999992 0.0625021 
v 1.0625 -0.999992 0.0625021 
v 1.1875 -1.125 0.0625021 
v 1.0625 -0.999992 0.187502 
v 0.4375 -0.999992 0.187502 
v 0.3125 -1.125 0.187502 
v 0.3125 -0.25 0.187502 
v 0.4375 -0.374992 0.187502 
v 0.3125 -0.25 0.0625021 
v 0.3125 -1.125 0.0625021 
v 1.0625 -0.374992 0.187502 
v 1.1875 -0.25 0.187502 
v 0.4375 -0.374992 0.0625021 
v 1.0625 -0.374992 0.0625021 
v 1.1875 -0.25 0.0625021 
v 1.1875 -1.125 0.187502 

vn -1 0 0 
vn -1 0 0 
vn -1 0 0 
vn -1 0 0 
vn 0 -1 0 
vn 0 -1 0 
vn 0 -1 0 
vn 0 -1 0 
vn 1 0 0 
vn 1 0 0 
vn 1 0 0 
vn 1 0 0 
vn 0 1 0 
vn 0 1 0 
vn 0 1 0 
vn 0 1 0 
vn 1 0 0 
vn 1 0 0 
vn 1 0 0 
vn 1 0 0 
vn 0 -1 0 
vn 0 -1 0 
vn 0 -1 0 
vn 0 -1 0 
vn -1 0 0 
vn -1 0 0 
vn -1 0 0 
vn -1 0 0 
vn 0 1 0 
vn 0 1 0 
vn 0 1 0 
vn 0 1 0 
vn 0 0 -1 
vn 0 0 -1 
vn 0 0 -1 
vn 0 0 1 
vn 0 0 1 
vn 0 0 1 
vn 0 0 1 
vn 0 0 1 
vn 0 0 -1 
vn 0 0 -1 
vn 0 0 1 
vn 0 0 1 
vn 0 0 -1 
vn 0 0 -1 
vn 0 0 -1 
vn 0 0 1 

vt 36.0547 1.00781 
vt 35.9453 1.00781 
vt 36.0547 0.992188 
vt 35.9453 0.992188 
vt 36.0547 0.992188 
vt 36.0547 1.00781 
vt 35.9453 0.992188 
vt 35.9453 1.00781 
vt 35.9453 0.992188 
vt 36.0547 0.992188 
vt 35.9453 1.00781 
vt 36.0547 1.00781 
vt 36.0547 0.992188 
vt 36.0547 1.00781 
vt 35.9453 0.992188 
vt 35.9453 1.00781 
vt 35.9609 1.00781 
vt 35.9609 0.992188 
vt 36.0391 1.00781 
vt 36.0391 0.992188 
vt 36.0391 0.992188 
vt 36.0391 1.00781 
vt 35.9609 0.992188 
vt 35.9609 1.00781 
vt 36.0391 0.992188 
vt 36.0391 1.00781 
vt 35.9609 0.992188 
vt 35.9609 1.00781 
vt 36.0391 0.992188 
vt 36.0391 1.00781 
vt 35.9609 0.992188 
vt 35.9609 1.00781 
vt 36.0391 0.960938 
vt 35.9609 0.960938 
vt 35.9453 0.945312 
vt 36.0391 0.960938 
vt 35.9609 0.960938 
vt 35.9453 0.945312 
vt 35.9453 1.05469 
vt 35.9609 1.03906 
vt 36.0547 1.05469 
vt 36.0547 0.945312 
vt 36.0391 1.03906 
vt 36.0547 1.05469 
vt 36.0391 1.03906 
vt 35.9609 1.03906 
vt 35.9453 1.05469 
vt 36.0547 0.945312 

usemtl T1Mtl

f 838/838/838 839/839/839 840/840/840 
f 839/839/839 841/841/841 840/840/840 
f 842/842/842 843/843/843 844/844/844 
f 843/843/843 845/845/845 844/844/844 
f 846/846/846 847/847/847 848/848/848 
f 847/847/847 849/849/849 848/848/848 
f 850/850/850 851/851/851 852/852/852 
f 851/851/851 853/853/853 852/852/852 
f 854/854/854 855/855/855 856/856/856 
f 855/855/855 857/857/857 856/856/856 
f 858/858/858 859/859/859 860/860/860 
f 859/859/859 861/861/861 860/860/860 
f 862/862/862 863/863/863 864/864/864 
f 863/863/863 865/865/865 864/864/864 
f 866/866/866 867/867/867 868/868/868 
f 867/867/867 869/869/869 868/868/868 
f 870/870/870 871/871/871 872/872/872 
f 873/873/873 874/874/874 875/875/875 
f 874/874/874 876/876/876 875/875/875 
f 877/877/877 876/876/876 874/874/874 
f 878/878/878 870/870/870 879/879/879 
f 870/870/870 872/872/872 879/879/879 
f 880/880/880 881/881/881 877/877/877 
f 873/873/873 881/881/881 880/880/880 
f 881/881/881 876/876/876 877/877/877 
f 882/882/882 878/878/878 883/883/883 
f 870/870/870 878/878/878 882/882/882 
f 878/878/878 884/884/884 883/883/883 
f 871/871/871 884/884/884 872/872/872 
f 883/883/883 884/884/884 871/871/871 
f 881/881/881 873/873/873 885/885/885 
f 873/873/873 875/875/875 885/885/885 

g NmHold1

v -0.0625 -2.75 0.187502 
v -1.4375 -2.75 0.187502 
v -0.0625 -2.75 0.062502 
v -1.4375 -2.75 0.062502 
v -1.4375 -1.875 0.187502 
v -1.4375 -2.75 0.187502 
v -0.0625 -1.875 0.187502 
v -0.0625 -2.75 0.187502 
v -1.4375 -2.75 0.187502 
v -1.4375 -1.875 0.187502 
v -1.4375 -2.75 0.062502 
v -1.4375 -1.875 0.062502 
v -1.4375 -1.875 0.187502 
v -0.0625 -1.875 0.187502 
v -1.4375 -1.875 0.062502 
v -0.0625 -1.875 0.062502 
v -0.0625 -1.875 0.062502 
v -0.0625 -2.75 0.062502 
v -1.4375 -1.875 0.062502 
v -1.4375 -2.75 0.062502 
v -0.0625 -1.875 0.187502 
v -0.0625 -2.75 0.187502 
v -0.0625 -1.875 0.062502 
v -0.0625 -2.75 0.062502 

vn 0 -1 0 
vn 0 -1 0 
vn 0 -1 0 
vn 0 -1 0 
vn 0 0 1 
vn 0 0 1 
vn 0 0 1 
vn 0 0 1 
vn -1 0 0 
vn -1 0 0 
vn -1 0 0 
vn -1 0 0 
vn 0 1 0 
vn 0 1 0 
vn 0 1 0 
vn 0 1 0 
vn 0 0 -1 
vn 0 0 -1 
vn 0 0 -1 
vn 0 0 -1 
vn 1 0 0 
vn 1 0 0 
vn 1 0 0 
vn 1 0 0 

vt 6.92188 -0.25 
vt 6.75 -0.25 
vt 6.92188 -0.265625 
vt 6.75 -0.265625 
vt 6.85938 -0.25 
vt 6.75 -0.25 
vt 6.85938 -0.421875 
vt 6.75 -0.421875 
vt 6.85938 -0.25 
vt 6.75 -0.25 
vt 6.85938 -0.265625 
vt 6.75 -0.265625 
vt 6.92188 -0.25 
vt 6.75 -0.25 
vt 6.92188 -0.265625 
vt 6.75 -0.265625 
vt 6.85938 -0.25 
vt 6.75 -0.25 
vt 6.85938 -0.421875 
vt 6.75 -0.421875 
vt 6.85938 -0.25 
vt 6.75 -0.25 
vt 6.85938 -0.265625 
vt 6.75 -0.265625 

usemtl NmHold1Mtl

f 886/886/886 887/887/887 888/888/888 
f 888/888/888 887/887/887 889/889/889 
f 890/890/890 891/891/891 892/892/892 
f 892/892/892 891/891/891 893/893/893 
f 894/894/894 895/895/895 896/896/896 
f 896/896/896 895/895/895 897/897/897 
f 898/898/898 899/899/899 900/900/900 
f 900/900/900 899/899/899 901/901/901 
f 902/902/902 903/903/903 904/904/904 
f 904/904/904 903/903/903 905/905/905 
f 906/906/906 907/907/907 908/908/908 
f 908/908/908 907/907/907 909/909/909 

g StHold1

v -1.4375 1.875 0.187502 
v -1.4375 2.75 0.187502 
v -1.4375 1.875 0.062502 
v -1.4375 2.75 0.062502 
v -0.0625 2.75 0.187502 
v -1.4375 2.75 0.187502 
v -0.0625 1.875 0.187502 
v -1.4375 1.875 0.187502 
v -1.4375 2.75 0.187502 
v -0.0625 2.75 0.187502 
v -1.4375 2.75 0.062502 
v -0.0625 2.75 0.062502 
v -0.0625 2.75 0.187502 
v -0.0625 1.875 0.187502 
v -0.0625 2.75 0.062502 
v -0.0625 1.875 0.062502 
v -0.0625 1.875 0.062502 
v -1.4375 1.875 0.062502 
v -0.0625 2.75 0.062502 
v -1.4375 2.75 0.062502 
v -0.0625 1.875 0.187502 
v -1.4375 1.875 0.187502 
v -0.0625 1.875 0.062502 
v -1.4375 1.875 0.062502 

vn -1 0 0 
vn -1 0 0 
vn -1 0 0 
vn -1 0 0 
vn 0 0 1 
vn 0 0 1 
vn 0 0 1 
vn 0 0 1 
vn 0 1 0 
vn 0 1 0 
vn 0 1 0 
vn 0 1 0 
vn 1 0 0 
vn 1 0 0 
vn 1 0 0 
vn 1 0 0 
vn 0 0 -1 
vn 0 0 -1 
vn 0 0 -1 
vn 0 0 -1 
vn 0 -1 0 
vn 0 -1 0 
vn 0 -1 0 
vn 0 -1 0 

vt 1.35938 -4.75 
vt 1.25 -4.75 
vt 1.35938 -4.76562 
vt 1.25 -4.76562 
vt 1.42188 -4.75 
vt 1.25 -4.75 
vt 1.42188 -4.85938 
vt 1.25 -4.85938 
vt 1.42188 -4.75 
vt 1.25 -4.75 
vt 1.42188 -4.76562 
vt 1.25 -4.76562 
vt 1.35938 -4.75 
vt 1.25 -4.75 
vt 1.35938 -4.76562 
vt 1.25 -4.76562 
vt 1.42188 -4.75 
vt 1.25 -4.75 
vt 1.42188 -4.85938 
vt 1.25 -4.85938 
vt 1.42188 -4.75 
vt 1.25 -4.75 
vt 1.42188 -4.76562 
vt 1.25 -4.76562 

usemtl NmHold1Mtl

f 910/910/910 911/911/911 912/912/912 
f 912/912/912 911/911/911 913/913/913 
f 914/914/914 915/915/915 916/916/916 
f 916/916/916 915/915/915 917/917/917 
f 918/918/918 919/919/919 920/920/920 
f 920/920/920 919/919/919 921/921/921 
f 922/922/922 923/923/923 924/924/924 
f 924/924/924 923/923/923 925/925/925 
f 926/926/926 927/927/927 928/928/928 
f 928/928/928 927/927/927 929/929/929 
f 930/930/930 931/931/931 932/932/932 
f 932/932/932 931/931/931 933/933/933 

g ScHold1

v 1.3125 -2.625 0.062502 
v 1.3125 -2.625 0.187502 
v 1.3125 -1.49999 0.062502 
v 1.3125 -1.49999 0.187502 
v 1.3125 -1.49999 0.062502 
v 1.3125 -1.49999 0.187502 
v 0.1875 -1.49999 0.062502 
v 0.1875 -1.49999 0.187502 
v 0.1875 -2.625 0.062502 
v 0.1875 -2.625 0.187502 
v 1.3125 -2.625 0.062502 
v 1.3125 -2.625 0.187502 
v 0.1875 -2.625 0.187502 
v 0.1875 -2.625 0.062502 
v 0.1875 -1.49999 0.187502 
v 0.1875 -1.49999 0.062502 
v 1.3125 1.50001 0.062502 
v 1.3125 1.50001 0.187502 
v 1.3125 2.625 0.062502 
v 1.3125 2.625 0.187502 
v 1.3125 2.625 0.062502 
v 1.3125 2.625 0.187502 
v 0.1875 2.625 0.062502 
v 0.1875 2.625 0.187502 
v 0.1875 1.50001 0.062502 
v 0.1875 1.50001 0.187502 
v 1.3125 1.50001 0.062502 
v 1.3125 1.50001 0.187502 
v 0.1875 1.50001 0.187502 
v 0.1875 1.50001 0.062502 
v 0.1875 2.625 0.187502 
v 0.1875 2.625 0.062502 
v 1.3125 -0.124996 0.062502 
v 1.3125 -0.124996 0.187502 
v 0.1875 -0.124996 0.062502 
v 0.1875 -0.124996 0.187502 
v 0.1875 -1.25 0.187502 
v 0.1875 -1.25 0.062502 
v 0.1875 -0.124996 0.187502 
v 0.1875 -0.124996 0.062502 
v 0.1875 -1.25 0.062502 
v 0.183443 -1.25406 0.062502 
v 0.1875 -0.124996 0.062502 
v 0.1875 0.125004 0.062502 
v 0.1875 1.25 0.062502 
v 0.1875 2.625 0.062502 
v 0.0625 2.75001 0.062502 
v 0.1875 1.50001 0.062502 
v 1.3125 2.625 0.062502 
v 1.31655 1.25406 0.062502 
v 1.3125 1.50001 0.062502 
v 1.4375 2.75001 0.062502 
v 1.3125 0.125004 0.062502 
v 1.3125 -1.25 0.062502 
v 1.3125 -0.124996 0.062502 
v 0.1875 -1.49999 0.062502 
v 1.3125 -1.49999 0.062502 
v 1.3125 -2.625 0.062502 
v 1.4375 -2.75 0.062502 
v 1.4375 2.75001 0.062502 
v 1.4375 -2.75 0.187502 
v 1.4375 2.75001 0.187502 
v 1.4375 -2.75 0.062502 
v 0.0625 -2.75 0.062502 
v 0.1875 -2.625 0.062502 
v 1.4375 -2.75 0.062502 
v 1.4375 -2.75 0.187502 
v 0.0625 -2.75 0.062502 
v 0.0625 -2.75 0.187502 
v 0.0625 -2.75 0.187502 
v 0.0625 2.75001 0.187502 
v 0.0625 -2.75 0.062502 
v 0.0625 2.75001 0.062502 
v 0.0625 -2.75 0.187502 
v 1.4375 -2.75 0.187502 
v 0.1875 -2.625 0.187502 
v 0.0625 2.75001 0.187502 
v 0.1875 -1.49999 0.187502 
v 0.1875 -1.25 0.187502 
v 0.1875 -0.124996 0.187502 
v 0.1875 0.125004 0.187502 
v 0.1875 -1.25 0.062502 
v 0.1875 -1.25 0.187502 
v 1.3125 -1.25 0.062502 
v 1.3125 -1.25 0.187502 
v 1.3125 -1.49999 0.187502 
v 1.3125 -1.25 0.187502 
v 1.3125 -1.25 0.062502 
v 1.3125 -1.25 0.187502 
v 1.3125 -0.124996 0.062502 
v 1.3125 -0.124996 0.187502 
v 1.3125 1.50001 0.187502 
v 1.3125 1.25 0.187502 
v 1.3125 2.625 0.187502 
v 1.4375 2.75001 0.187502 
v 0.1875 2.625 0.187502 
v 0.0625 2.75001 0.062502 
v 0.0625 2.75001 0.187502 
v 1.4375 2.75001 0.062502 
v 1.4375 2.75001 0.187502 
v 1.3125 -2.625 0.187502 
v 1.3125 0.125004 0.187502 
v 0.1875 1.50001 0.187502 
v 0.1875 0.125004 0.187502 
v 0.1875 0.125004 0.062502 
v 0.1875 1.25 0.187502 
v 0.1875 1.25 0.062502 
v 1.3125 1.25 0.062502 
v 1.3125 1.25 0.187502 
v 0.1875 1.25 0.062502 
v 0.1875 1.25 0.187502 
v 1.3125 0.125004 0.062502 
v 1.3125 0.125004 0.187502 
v 1.3125 1.25 0.062502 
v 1.3125 1.25 0.187502 
v 0.1875 0.125004 0.062502 
v 0.1875 0.125004 0.187502 
v 1.3125 0.125004 0.062502 
v 1.3125 0.125004 0.187502 
v 0.1875 1.25 0.187502 
v 1.3125 1.25 0.062502 
v 1.3125 -0.124996 0.187502 

vn -1 0 0 
vn -1 0 0 
vn -1 0 0 
vn -1 0 0 
vn 0 -1 0 
vn 0 -1 0 
vn 0 -1 0 
vn 0 -1 0 
vn 0 1 0 
vn 0 1 0 
vn 0 1 0 
vn 0 1 0 
vn 1 0 0 
vn 1 0 0 
vn 1 0 0 
vn 1 0 0 
vn -1 0 0 
vn -1 0 0 
vn -1 0 0 
vn -1 0 0 
vn 0 -1 0 
vn 0 -1 0 
vn 0 -1 0 
vn 0 -1 0 
vn 0 1 0 
vn 0 1 0 
vn 0 1 0 
vn 0 1 0 
vn 1 0 0 
vn 1 0 0 
vn 1 0 0 
vn 1 0 0 
vn 0 -1 0 
vn 0 -1 0 
vn 0 -1 0 
vn 0 -1 0 
vn 1 0 0 
vn 1 0 0 
vn 1 0 0 
vn 1 0 0 
vn 0 0 -1 
vn 0 0 -1 
vn 0 0 -1 
vn 0 0 -1 
vn 0 0 -1 
vn 0 0 -1 
vn 0 0 -1 
vn 0 0 -1 
vn 0 0 -1 
vn 0 0 -1 
vn 0 0 -1 
vn 0 0 -1 
vn 0 0 -1 
vn 0 0 -1 
vn 0 0 -1 
vn 0 0 -1 
vn 0 0 -1 
vn 0 0 -1 
vn 1 0 0 
vn 1 0 0 
vn 1 0 0 
vn 1 0 0 
vn 0 0 -1 
vn 0 0 -1 
vn 0 0 -1 
vn 0 -1 0 
vn 0 -1 0 
vn 0 -1 0 
vn 0 -1 0 
vn -1 0 0 
vn -1 0 0 
vn -1 0 0 
vn -1 0 0 
vn 0 0 1 
vn 0 0 1 
vn 0 0 1 
vn 0 0 1 
vn 0 0 1 
vn 0 0 1 
vn 0 0 1 
vn 0 0 1 
vn 0 1 0 
vn 0 1 0 
vn 0 1 0 
vn 0 1 0 
vn 0 0 1 
vn 0 0 1 
vn -1 0 0 
vn -1 0 0 
vn -1 0 0 
vn -1 0 0 
vn 0 0 1 
vn 0 0 1 
vn 0 0 1 
vn 0 0 1 
vn 0 0 1 
vn 0 1 0 
vn 0 1 0 
vn 0 1 0 
vn 0 1 0 
vn 0 0 1 
vn 0 0 1 
vn 0 0 1 
vn 1 0 0 
vn 1 0 0 
vn 1 0 0 
vn 1 0 0 
vn 0 -1 0 
vn 0 -1 0 
vn 0 -1 0 
vn 0 -1 0 
vn -1 0 0 
vn -1 0 0 
vn -1 0 0 
vn -1 0 0 
vn 0 1 0 
vn 0 1 0 
vn 0 1 0 
vn 0 1 0 
vn 0 0 1 
vn 0 0 -1 
vn 0 0 1 

vt 18.3281 -55.0078 
vt 18.3281 -54.9922 
vt 18.1875 -55.0078 
vt 18.1875 -54.9922 
vt 18.0703 -55.0078 
vt 18.0703 -54.9922 
vt 17.9297 -55.0078 
vt 17.9297 -54.9922 
vt 18.0703 -55.0078 
vt 18.0703 -54.9922 
vt 17.9297 -55.0078 
vt 17.9297 -54.9922 
vt 17.6719 -54.9922 
vt 17.6719 -55.0078 
vt 17.8125 -54.9922 
vt 17.8125 -55.0078 
vt 17.8125 -55.0078 
vt 17.8125 -54.9922 
vt 17.6719 -55.0078 
vt 17.6719 -54.9922 
vt 18.0703 -55.0078 
vt 18.0703 -54.9922 
vt 17.9297 -55.0078 
vt 17.9297 -54.9922 
vt 18.0703 -55.0078 
vt 18.0703 -54.9922 
vt 17.9297 -55.0078 
vt 17.9297 -54.9922 
vt 18.1875 -54.9922 
vt 18.1875 -55.0078 
vt 18.3281 -54.9922 
vt 18.3281 -55.0078 
vt 18.0703 -55.0078 
vt 18.0703 -54.9922 
vt 17.9297 -55.0078 
vt 17.9297 -54.9922 
vt 17.8438 -54.9922 
vt 17.8438 -55.0078 
vt 17.9844 -54.9922 
vt 17.9844 -55.0078 
vt 18.0703 -55.1562 
vt 18.0708 -55.1568 
vt 18.0703 -55.0156 
vt 18.0703 -54.9844 
vt 18.0703 -54.8438 
vt 18.0703 -54.6719 
vt 18.0859 -54.6562 
vt 18.0703 -54.8125 
vt 17.9297 -54.6719 
vt 17.9292 -54.8432 
vt 17.9297 -54.8125 
vt 17.9141 -54.6562 
vt 17.9297 -54.9844 
vt 17.9297 -55.1562 
vt 17.9297 -55.0156 
vt 18.0703 -55.1875 
vt 17.9297 -55.1875 
vt 17.9297 -55.3281 
vt 17.6562 -55.0078 
vt 18.3438 -55.0078 
vt 17.6562 -54.9922 
vt 18.3438 -54.9922 
vt 17.9141 -55.3438 
vt 18.0859 -55.3438 
vt 18.0703 -55.3281 
vt 18.0859 -55.0078 
vt 18.0859 -54.9922 
vt 17.9141 -55.0078 
vt 17.9141 -54.9922 
vt 18.3438 -54.9922 
vt 17.6562 -54.9922 
vt 18.3438 -55.0078 
vt 17.6562 -55.0078 
vt 17.9141 -55.3438 
vt 18.0859 -55.3438 
vt 17.9297 -55.3281 
vt 17.9141 -54.6562 
vt 17.9297 -55.1875 
vt 17.9297 -55.1562 
vt 17.9297 -55.0156 
vt 17.9297 -54.9844 
vt 18.0703 -55.0078 
vt 18.0703 -54.9922 
vt 17.9297 -55.0078 
vt 17.9297 -54.9922 
vt 18.0703 -55.1875 
vt 18.0703 -55.1562 
vt 18.1562 -55.0078 
vt 18.1562 -54.9922 
vt 18.0156 -55.0078 
vt 18.0156 -54.9922 
vt 18.0703 -54.8125 
vt 18.0703 -54.8438 
vt 18.0703 -54.6719 
vt 18.0859 -54.6562 
vt 17.9297 -54.6719 
vt 18.0859 -55.0078 
vt 18.0859 -54.9922 
vt 17.9141 -55.0078 
vt 17.9141 -54.9922 
vt 18.0703 -55.3281 
vt 18.0703 -54.9844 
vt 17.9297 -54.8125 
vt 18.0156 -54.9922 
vt 18.0156 -55.0078 
vt 18.1562 -54.9922 
vt 18.1562 -55.0078 
vt 18.0703 -55.0078 
vt 18.0703 -54.9922 
vt 17.9297 -55.0078 
vt 17.9297 -54.9922 
vt 17.9844 -55.0078 
vt 17.9844 -54.9922 
vt 17.8438 -55.0078 
vt 17.8438 -54.9922 
vt 18.0703 -55.0078 
vt 18.0703 -54.9922 
vt 17.9297 -55.0078 
vt 17.9297 -54.9922 
vt 17.9297 -54.8438 
vt 17.9297 -54.8438 
vt 18.0703 -55.0156 

usemtl Part1Mtl

f 934/934/934 935/935/935 936/936/936 
f 935/935/935 937/937/937 936/936/936 
f 938/938/938 939/939/939 940/940/940 
f 939/939/939 941/941/941 940/940/940 
f 942/942/942 943/943/943 944/944/944 
f 943/943/943 945/945/945 944/944/944 
f 946/946/946 947/947/947 948/948/948 
f 947/947/947 949/949/949 948/948/948 
f 950/950/950 951/951/951 952/952/952 
f 951/951/951 953/953/953 952/952/952 
f 954/954/954 955/955/955 956/956/956 
f 955/955/955 957/957/957 956/956/956 
f 958/958/958 959/959/959 960/960/960 
f 959/959/959 961/961/961 960/960/960 
f 962/962/962 963/963/963 964/964/964 
f 963/963/963 965/965/965 964/964/964 
f 966/966/966 967/967/967 968/968/968 
f 967/967/967 969/969/969 968/968/968 
f 970/970/970 971/971/971 972/972/972 
f 971/971/971 973/973/973 972/972/972 
f 974/974/974 975/975/975 976/976/976 
f 977/977/977 975/975/975 978/978/978 
f 979/979/979 978/978/978 980/980/980 
f 981/981/981 978/978/978 979/979/979 
f 979/979/979 980/980/980 982/982/982 
f 978/978/978 981/981/981 983/983/983 
f 981/981/981 984/984/984 983/983/983 
f 983/983/983 985/985/985 986/986/986 
f 984/984/984 985/985/985 983/983/983 
f 982/982/982 985/985/985 984/984/984 
f 980/980/980 985/985/985 982/982/982 
f 987/987/987 988/988/988 986/986/986 
f 975/975/975 974/974/974 987/987/987 
f 987/987/987 989/989/989 975/975/975 
f 990/990/990 987/987/987 991/991/991 
f 989/989/989 987/987/987 990/990/990 
f 992/992/992 993/993/993 994/994/994 
f 993/993/993 995/995/995 994/994/994 
f 991/991/991 985/985/985 996/996/996 
f 987/987/987 985/985/985 991/991/991 
f 986/986/986 985/985/985 987/987/987 
f 980/980/980 978/978/978 997/997/997 
f 978/978/978 975/975/975 997/997/997 
f 975/975/975 989/989/989 997/997/997 
f 989/989/989 998/998/998 997/997/997 
f 998/998/998 991/991/991 997/997/997 
f 991/991/991 996/996/996 997/997/997 
f 999/999/999 1000/1000/1000 1001/1001/1001 
f 1000/1000/1000 1002/1002/1002 1001/1001/1001 
f 1003/1003/1003 1004/1004/1004 1005/1005/1005 
f 1004/1004/1004 1006/1006/1006 1005/1005/1005 
f 1007/1007/1007 1008/1008/1008 1009/1009/1009 
f 1009/1009/1009 1010/1010/1010 1007/1007/1007 
f 1011/1011/1011 1010/1010/1010 1009/1009/1009 
f 1012/1012/1012 1013/1013/1013 1011/1011/1011 
f 1013/1013/1013 1014/1014/1014 1011/1011/1011 
f 1014/1014/1014 1010/1010/1010 1011/1011/1011 
f 1015/1015/1015 1016/1016/1016 1017/1017/1017 
f 1016/1016/1016 1018/1018/1018 1017/1017/1017 
f 1019/1019/1019 1020/1020/1020 1011/1011/1011 
f 1020/1020/1020 1012/1012/1012 1011/1011/1011 
f 1021/1021/1021 1022/1022/1022 1023/1023/1023 
f 1022/1022/1022 1024/1024/1024 1023/1023/1023 
f 1025/1025/1025 1026/1026/1026 1027/1027/1027 
f 1027/1027/1027 1028/1028/1028 1029/1029/1029 
f 1026/1026/1026 1028/1028/1028 1027/1027/1027 
f 1030/1030/1030 1031/1031/1031 1032/1032/1032 
f 1031/1031/1031 1033/1033/1033 1032/1032/1032 
f 1028/1028/1028 1020/1020/1020 1008/1008/1008 
f 1020/1020/1020 1019/1019/1019 1008/1008/1008 
f 1019/1019/1019 1034/1034/1034 1008/1008/1008 
f 1034/1034/1034 1009/1009/1009 1008/1008/1008 
f 1026/1026/1026 1035/1035/1035 1028/1028/1028 
f 1035/1035/1035 1020/1020/1020 1028/1028/1028 
f 1036/1036/1036 1010/1010/1010 1014/1014/1014 
f 1029/1029/1029 1010/1010/1010 1036/1036/1036 
f 1028/1028/1028 1010/1010/1010 1029/1029/1029 
f 1026/1026/1026 1025/1025/1025 1036/1036/1036 
f 1037/1037/1037 1038/1038/1038 1039/1039/1039 
f 1038/1038/1038 1040/1040/1040 1039/1039/1039 
f 1041/1041/1041 1042/1042/1042 1043/1043/1043 
f 1042/1042/1042 1044/1044/1044 1043/1043/1043 
f 1045/1045/1045 1046/1046/1046 1047/1047/1047 
f 1046/1046/1046 1048/1048/1048 1047/1047/1047 
f 1049/1049/1049 1050/1050/1050 1051/1051/1051 
f 1050/1050/1050 1052/1052/1052 1051/1051/1051 
f 1053/1053/1053 1036/1036/1036 1014/1014/1014 
f 1054/1054/1054 983/983/983 986/986/986 
f 983/983/983 1054/1054/1054 978/978/978 
f 1036/1036/1036 1053/1053/1053 1026/1026/1026 
f 1014/1014/1014 1013/1013/1013 1035/1035/1035 
f 1013/1013/1013 1055/1055/1055 1035/1035/1035 
f 1055/1055/1055 1020/1020/1020 1035/1035/1035 
f 986/986/986 988/988/988 977/977/977 
f 988/988/988 976/976/976 977/977/977 
f 976/976/976 975/975/975 977/977/977 

g SwHold1

v -1.4375 -1.625 0.187502 
v -1.4375 1.625 0.187502 
v -1.4375 -1.625 0.062502 
v -1.4375 1.625 0.062502 
v -0.0625 1.625 0.187502 
v -1.4375 1.625 0.187502 
v -0.0625 -1.625 0.187502 
v -1.4375 -1.625 0.187502 
v -1.4375 1.625 0.187502 
v -0.0625 1.625 0.187502 
v -1.4375 1.625 0.062502 
v -0.0625 1.625 0.062502 
v -0.0625 1.625 0.187502 
v -0.0625 -1.625 0.187502 
v -0.0625 1.625 0.062502 
v -0.0625 -1.625 0.062502 
v -0.0625 -1.625 0.062502 
v -1.4375 -1.625 0.062502 
v -0.0625 1.625 0.062502 
v -1.4375 1.625 0.062502 
v -0.0625 -1.625 0.187502 
v -1.4375 -1.625 0.187502 
v -0.0625 -1.625 0.062502 
v -1.4375 -1.625 0.062502 

vn -1 0 0 
vn -1 0 0 
vn -1 0 0 
vn -1 0 0 
vn 0 0 1 
vn 0 0 1 
vn 0 0 1 
vn 0 0 1 
vn 0 1 0 
vn 0 1 0 
vn 0 1 0 
vn 0 1 0 
vn 1 0 0 
vn 1 0 0 
vn 1 0 0 
vn 1 0 0 
vn 0 0 -1 
vn 0 0 -1 
vn 0 0 -1 
vn 0 0 -1 
vn 0 -1 0 
vn 0 -1 0 
vn 0 -1 0 
vn 0 -1 0 

vt 2.65625 -5.5 
vt 2.25 -5.5 
vt 2.65625 -5.51562 
vt 2.25 -5.51562 
vt 2.42188 -5.5 
vt 2.25 -5.5 
vt 2.42188 -5.90625 
vt 2.25 -5.90625 
vt 2.42188 -5.5 
vt 2.25 -5.5 
vt 2.42188 -5.51562 
vt 2.25 -5.51562 
vt 2.65625 -5.5 
vt 2.25 -5.5 
vt 2.65625 -5.51562 
vt 2.25 -5.51562 
vt 2.42188 -5.5 
vt 2.25 -5.5 
vt 2.42188 -5.90625 
vt 2.25 -5.90625 
vt 2.42188 -5.5 
vt 2.25 -5.5 
vt 2.42188 -5.51562 
vt 2.25 -5.51562 

usemtl NmHold1Mtl

f 1056/1056/1056 1057/1057/1057 1058/1058/1058 
f 1058/1058/1058 1057/1057/1057 1059/1059/1059 
f 1060/1060/1060 1061/1061/1061 1062/1062/1062 
f 1062/1062/1062 1061/1061/1061 1063/1063/1063 
f 1064/1064/1064 1065/1065/1065 1066/1066/1066 
f 1066/1066/1066 1065/1065/1065 1067/1067/1067 
f 1068/1068/1068 1069/1069/1069 1070/1070/1070 
f 1070/1070/1070 1069/1069/1069 1071/1071/1071 
f 1072/1072/1072 1073/1073/1073 1074/1074/1074 
f 1074/1074/1074 1073/1073/1073 1075/1075/1075 
f 1076/1076/1076 1077/1077/1077 1078/1078/1078 
f 1078/1078/1078 1077/1077/1077 1079/1079/1079 

g Union5

v 1.6875 -3.25 -0.187491 
v 1.6875 -3.25 -0.187491 
v 1.6875 -3 0.0625017 
v 1.8125 -3.125 -0.0624964 
v 1.6875 -3.25 -0.187498 
v 1.9375 -3 -0.187498 
v 1.6875 -3.25 -0.187491 
v 1.8125 -3.125 -0.0624964 
v 1.6875 -3.25 -0.187491 
v 1.6875 -3.25 -0.187491 
v 1.6875 -3.25 -0.187498 
v 1.6875 -3.25 -0.187498 
v 1.9375 3 -0.187498 
v 1.8125 3.125 -0.0624964 
v 1.9375 -3 -0.187498 
v 1.6875 3 0.0625017 
v 1.6875 -3 0.0625017 
v 1.8125 -3.125 -0.0624964 
v -1.9375 -3.25 -0.187498 
v -1.9375 -3 -0.187498 
v -1.9375 -3.25 -0.187498 
v -1.9375 -3.25 -0.187498 
v -1.9375 -3.25 -0.187498 
v -1.9375 -3.25 -0.187498 
v -1.6875 -3 0.0625019 
v -1.8125 -3.125 -0.0624963 
v -1.6875 -3.25 -0.187491 
v -1.6875 -3.25 -0.187491 
v -1.9375 -3.25 -0.187498 
v -1.9375 -3 -0.187498 
v -1.9375 -3.25 -0.187498 
v -1.9375 -3 -0.187498 
v -1.9375 -3 -0.187498 
v -1.9375 -3 -0.187498 
v -1.8125 -3.125 -0.0624963 
v -1.6875 -3.25 -0.187498 
v -1.6875 -3.25 -0.187491 
v -1.6875 -3.25 -0.187491 
v -1.6875 -3.25 -0.187491 
v -1.6875 -3.25 -0.187498 
v -1.6875 -3.25 -0.187498 
v -1.9375 -3 -0.187498 
v -1.9375 -3.25 -0.187498 
v -1.9375 -3.25 -0.187498 
v -1.9375 3 -0.187498 
v -1.6875 -3.25 -0.187498 
v -1.6875 -3.25 -0.187498 
v -1.8125 -3.125 -0.0624963 
v -1.6875 -3 0.0625019 
v -1.6875 3 0.0625019 
v -1.8125 3.125 -0.0624963 
v -1.9375 3 -0.187498 
v -1.9375 3 -0.187498 
v -1.6875 3.24001 -0.177499 
v -1.6875 3.24001 -0.187498 
v -1.6975 3.24001 -0.177499 
v -1.6975 3.24001 -0.187498 
v -1.9375 3.24001 -0.187498 
v -1.9375 3.24001 -0.187498 
v -1.9375 3.24001 -0.187498 
v 1.6975 3.24001 -0.187498 
v 1.6875 3.24001 -0.187498 
v 1.6975 3.24001 -0.177499 
v 1.6875 3.24001 -0.177499 
v 1.6875 -3 0.0625017 
v 1.6875 3 0.0625017 
v 1.6875 -3.25 -0.187491 
v 1.6875 3.24001 -0.177499 
v 1.6875 3.24001 -0.187498 
v 1.6875 -3.25 -0.187498 
v -1.6875 3.24001 -0.187498 
v -1.6875 3.24001 -0.177499 
v -1.6875 -3.25 -0.187498 
v -1.6875 3 0.0625019 
v -1.6875 -3 0.0625019 
v -1.6875 -3.25 -0.187491 
v -1.6975 3.24001 -0.177499 
v -1.8125 3.125 -0.0624963 
v -1.6875 3.24001 -0.177499 
v -1.6875 3 0.0625019 
v -1.6975 3.24001 -0.187498 
v -1.6875 3.24001 -0.187498 
v -1.9375 3 -0.187498 
v 1.6975 3.24001 -0.187498 
v 1.9375 3 -0.187498 
v 1.6875 3.24001 -0.187498 
v 1.9375 -3 -0.187498 
v 1.6875 -3.25 -0.187498 
v 1.6875 -3.25 -0.187498 
v 1.8125 3.125 -0.0624964 
v 1.9375 3 -0.187498 
v 1.6975 3.24001 -0.177499 
v 1.6975 3.24001 -0.187498 
v -1.9375 3 -0.187498 
v -1.9375 3.24001 -0.187498 
v -1.9375 3 -0.187498 
v -1.9375 3.24001 -0.187498 
v 1.8125 3.125 -0.0624964 
v 1.6975 3.24001 -0.177499 
v 1.6875 3 0.0625017 
v 1.6875 3.24001 -0.177499 
v -1.9375 3.24001 -0.187498 
v -1.9375 3.24001 -0.187498 
v -1.6975 3.24001 -0.187498 
v -1.9375 3 -0.187498 
v -1.6975 3.24001 -0.177499 
v -1.9375 3 -0.187498 
v -1.8125 3.125 -0.0624963 
v -1.9375 3.24001 -0.187498 
v -1.9375 3.24001 -0.187498 

vn 0 -0.708661 0.708661 
vn 0 -0.708661 0.708661 
vn 0 -0.708661 0.708661 
vn 0 -0.708661 0.708661 
vn 0.708661 -0.708661 0 
vn 0.708661 -0.708661 0 
vn 0.708661 -0.708661 0 
vn 0.708661 -0.708661 0 
vn 0 -1 0 
vn 0 -1 0 
vn 0 -1 0 
vn 0 -1 0 
vn 0.708661 0 0.708661 
vn 0.708661 0 0.708661 
vn 0.708661 0 0.708661 
vn 0.708661 0 0.708661 
vn 0.708661 0 0.708661 
vn 0.708661 0 0.708661 
vn -0.708661 0 0.708661 
vn -0.708661 0 0.708661 
vn -0.708661 0 0.708661 
vn 0 -1 0 
vn 0 -1 0 
vn 0 -1 0 
vn 0 -0.708661 0.708661 
vn 0 -0.708661 0.708661 
vn 0 -0.708661 0.708661 
vn 0 -0.708661 0.708661 
vn 1 0 0 
vn 1 0 0 
vn 1 0 0 
vn 1 0 0 
vn -0.708661 -0.708661 0 
vn -0.708661 -0.708661 0 
vn -0.708661 -0.708661 0 
vn -0.708661 -0.708661 0 
vn -0.708661 -0.708661 0 
vn 0 -1 0 
vn 0 -1 0 
vn 0 -1 0 
vn 0 -1 0 
vn 0 0 -1 
vn 0 0 -1 
vn 0 0 -1 
vn 0 0 -1 
vn 0 0 -1 
vn 0 0 -1 
vn -0.708661 0 0.708661 
vn -0.708661 0 0.708661 
vn -0.708661 0 0.708661 
vn -0.708661 0 0.708661 
vn -0.708661 0 0.708661 
vn -0.708661 0 0.708661 
vn 0 1 0 
vn 0 1 0 
vn 0 1 0 
vn 0 1 0 
vn 0 1 0 
vn 0 1 0 
vn 0 1 0 
vn 0 1 0 
vn 0 1 0 
vn 0 1 0 
vn 0 1 0 
vn -1 0 0 
vn -1 0 0 
vn -1 0 0 
vn -1 0 0 
vn -1 0 0 
vn -1 0 0 
vn 1 0 0 
vn 1 0 0 
vn 1 0 0 
vn 1 0 0 
vn 1 0 0 
vn 1 0 0 
vn 0 0.708661 0.708661 
vn 0 0.708661 0.708661 
vn 0 0.708661 0.708661 
vn 0 0.708661 0.708661 
vn 0 0 -1 
vn 0 0 -1 
vn 0 0 -1 
vn 0 0 -1 
vn 0 0 -1 
vn 0 0 -1 
vn 0 0 -1 
vn 0 0 -1 
vn 0 0 -1 
vn 0.708661 0.708661 0 
vn 0.708661 0.708661 0 
vn 0.708661 0.708661 0 
vn 0.708661 0.708661 0 
vn 1 0 0 
vn 1 0 0 
vn 1 0 0 
vn 1 0 0 
vn 0 0.708661 0.708661 
vn 0 0.708661 0.708661 
vn 0 0.708661 0.708661 
vn 0 0.708661 0.708661 
vn -0.708661 0 0.708661 
vn -0.708661 0 0.708661 
vn -0.708661 0.708661 0 
vn -0.708661 0.708661 0 
vn -0.708661 0.708661 0 
vn -0.708661 0.708661 0 
vn -0.708661 0.708661 0 
vn 0 0 -1 
vn 0 0 -1 

vt 0.210938 -5.01562 
vt 0.210938 -5.01562 
vt 0.210938 -4.98438 
vt 0.226562 -5 
vt 0.210938 -5.01562 
vt 0.242188 -5.01562 
vt 0.210938 -5.01562 
vt 0.226562 -5 
vt 0.210938 -5.01562 
vt 0.210938 -5.01562 
vt 0.210938 -5.01562 
vt 0.210938 -5.01562 
vt 0.242188 -4.62438 
vt 0.226562 -4.60875 
vt 0.242188 -5.37438 
vt 0.210938 -4.62438 
vt 0.210938 -5.37438 
vt 0.226562 -5.39 
vt -0.242188 -5.40563 
vt -0.242188 -5.37438 
vt -0.242188 -5.40563 
vt -0.242188 -5.01562 
vt -0.242188 -5.01562 
vt -0.242188 -5.01562 
vt -0.210938 -4.98438 
vt -0.226562 -5 
vt -0.210938 -5.01562 
vt -0.210938 -5.01562 
vt -0.405625 -5.01562 
vt -0.374375 -5.01562 
vt -0.405625 -5.01562 
vt -0.374375 -5.01562 
vt -0.242188 -5.01562 
vt -0.242188 -5.01562 
vt -0.226562 -5 
vt -0.210938 -5.01562 
vt -0.210938 -5.01562 
vt -0.210938 -5.01562 
vt -0.210938 -5.01562 
vt -0.210938 -5.01562 
vt -0.210938 -5.01562 
vt 0.242188 -5.37438 
vt 0.242188 -5.40563 
vt 0.242188 -5.40563 
vt 0.242188 -4.62438 
vt 0.210938 -5.40563 
vt 0.210938 -5.40563 
vt -0.226562 -5.39 
vt -0.210938 -5.37438 
vt -0.210938 -4.62438 
vt -0.226562 -4.60875 
vt -0.242188 -4.62438 
vt -0.242188 -4.62438 
vt 0.210938 -5.01438 
vt 0.210938 -5.01562 
vt 0.212187 -5.01438 
vt 0.212187 -5.01562 
vt 0.242188 -5.01562 
vt 0.242188 -5.01562 
vt 0.242188 -5.01562 
vt -0.212187 -5.01562 
vt -0.210938 -5.01562 
vt -0.212187 -5.01438 
vt -0.210938 -5.01438 
vt 0.374375 -4.98438 
vt -0.375625 -4.98438 
vt 0.405625 -5.01562 
vt -0.405625 -5.01438 
vt -0.405625 -5.01562 
vt 0.405625 -5.01562 
vt 0.405625 -5.01562 
vt 0.405625 -5.01438 
vt -0.405625 -5.01562 
vt 0.375625 -4.98438 
vt -0.374375 -4.98438 
vt -0.405625 -5.01562 
vt 0.212187 -5.01438 
vt 0.226562 -5 
vt 0.210938 -5.01438 
vt 0.210938 -4.98438 
vt 0.212187 -4.59437 
vt 0.210938 -4.59437 
vt 0.242188 -4.62438 
vt -0.212187 -4.59437 
vt -0.242188 -4.62438 
vt -0.210938 -4.59437 
vt -0.242188 -5.37438 
vt -0.210938 -5.40563 
vt -0.210938 -5.40563 
vt -0.226562 -5 
vt -0.242188 -5.01562 
vt -0.212187 -5.01438 
vt -0.212187 -5.01562 
vt 0.375625 -5.01562 
vt 0.405625 -5.01562 
vt 0.375625 -5.01562 
vt 0.405625 -5.01562 
vt -0.226562 -5 
vt -0.212187 -5.01438 
vt -0.210938 -4.98438 
vt -0.210938 -5.01438 
vt -0.242188 -4.59437 
vt -0.242188 -4.59437 
vt 0.212187 -5.01562 
vt 0.242188 -5.01562 
vt 0.212187 -5.01438 
vt 0.242188 -5.01562 
vt 0.226562 -5 
vt 0.242188 -4.59437 
vt 0.242188 -4.59437 

usemtl Union5Mtl

f 1080/1080/1080 1081/1081/1081 1082/1082/1082 
f 1081/1081/1081 1083/1083/1083 1082/1082/1082 
f 1084/1084/1084 1085/1085/1085 1086/1086/1086 
f 1085/1085/1085 1087/1087/1087 1086/1086/1086 
f 1088/1088/1088 1089/1089/1089 1090/1090/1090 
f 1089/1089/1089 1091/1091/1091 1090/1090/1090 
f 1092/1092/1092 1093/1093/1093 1094/1094/1094 
f 1093/1093/1093 1095/1095/1095 1094/1094/1094 
f 1095/1095/1095 1096/1096/1096 1094/1094/1094 
f 1096/1096/1096 1097/1097/1097 1094/1094/1094 
f 1098/1098/1098 1099/1099/1099 1100/1100/1100 
f 1101/1101/1101 1102/1102/1102 1103/1103/1103 
f 1104/1104/1104 1105/1105/1105 1106/1106/1106 
f 1105/1105/1105 1107/1107/1107 1106/1106/1106 
f 1108/1108/1108 1109/1109/1109 1110/1110/1110 
f 1109/1109/1109 1111/1111/1111 1110/1110/1110 
f 1112/1112/1112 1113/1113/1113 1114/1114/1114 
f 1113/1113/1113 1115/1115/1115 1114/1114/1114 
f 1115/1115/1115 1116/1116/1116 1114/1114/1114 
f 1117/1117/1117 1118/1118/1118 1119/1119/1119 
f 1118/1118/1118 1120/1120/1120 1119/1119/1119 
f 1121/1121/1121 1122/1122/1122 1123/1123/1123 
f 1123/1123/1123 1124/1124/1124 1121/1121/1121 
f 1124/1124/1124 1125/1125/1125 1121/1121/1121 
f 1125/1125/1125 1126/1126/1126 1121/1121/1121 
f 1127/1127/1127 1128/1128/1128 1099/1099/1099 
f 1128/1128/1128 1129/1129/1129 1099/1099/1099 
f 1129/1129/1129 1130/1130/1130 1099/1099/1099 
f 1130/1130/1130 1131/1131/1131 1099/1099/1099 
f 1131/1131/1131 1132/1132/1132 1099/1099/1099 
f 1132/1132/1132 1100/1100/1100 1099/1099/1099 
f 1133/1133/1133 1134/1134/1134 1135/1135/1135 
f 1134/1134/1134 1136/1136/1136 1135/1135/1135 
f 1137/1137/1137 1138/1138/1138 1139/1139/1139 
f 1140/1140/1140 1141/1141/1141 1142/1142/1142 
f 1141/1141/1141 1143/1143/1143 1142/1142/1142 
f 1144/1144/1144 1145/1145/1145 1146/1146/1146 
f 1145/1145/1145 1147/1147/1147 1146/1146/1146 
f 1147/1147/1147 1148/1148/1148 1146/1146/1146 
f 1148/1148/1148 1149/1149/1149 1146/1146/1146 
f 1150/1150/1150 1151/1151/1151 1152/1152/1152 
f 1151/1151/1151 1153/1153/1153 1152/1152/1152 
f 1153/1153/1153 1154/1154/1154 1152/1152/1152 
f 1154/1154/1154 1155/1155/1155 1152/1152/1152 
f 1156/1156/1156 1157/1157/1157 1158/1158/1158 
f 1157/1157/1157 1159/1159/1159 1158/1158/1158 
f 1160/1160/1160 1161/1161/1161 1162/1162/1162 
f 1161/1161/1161 1125/1125/1125 1162/1162/1162 
f 1125/1125/1125 1124/1124/1124 1162/1162/1162 
f 1163/1163/1163 1164/1164/1164 1165/1165/1165 
f 1164/1164/1164 1166/1166/1166 1165/1165/1165 
f 1166/1166/1166 1167/1167/1167 1165/1165/1165 
f 1167/1167/1167 1168/1168/1168 1165/1165/1165 
f 1169/1169/1169 1170/1170/1170 1171/1171/1171 
f 1170/1170/1170 1172/1172/1172 1171/1171/1171 
f 1173/1173/1173 1174/1174/1174 1175/1175/1175 
f 1174/1174/1174 1176/1176/1176 1175/1175/1175 
f 1177/1177/1177 1178/1178/1178 1179/1179/1179 
f 1178/1178/1178 1180/1180/1180 1179/1179/1179 
f 1181/1181/1181 1182/1182/1182 1131/1131/1131 
f 1182/1182/1182 1132/1132/1132 1131/1131/1131 
f 1183/1183/1183 1184/1184/1184 1185/1185/1185 
f 1184/1184/1184 1186/1186/1186 1185/1185/1185 
f 1186/1186/1186 1187/1187/1187 1185/1185/1185 
f 1124/1124/1124 1188/1188/1188 1162/1162/1162 
f 1188/1188/1188 1189/1189/1189 1162/1162/1162 

g Part3

v -1.6875 -3 0.062502 
v -1.6875 3 0.062502 
v -1.6875 -3 -0.187498 
v -1.6875 3 -0.187498 
v 1.6875 3 0.062502 
v -1.6875 3 0.062502 
v 1.6875 -3 0.062502 
v -1.6875 -3 0.062502 
v -1.6875 3 0.062502 
v 1.6875 3 0.062502 
v -1.6875 3 -0.187498 
v 1.6875 3 -0.187498 
v 1.6875 3 0.062502 
v 1.6875 -3 0.062502 
v 1.6875 3 -0.187498 
v 1.6875 -3 -0.187498 
v 1.6875 -3 -0.187498 
v -1.6875 -3 -0.187498 
v 1.6875 3 -0.187498 
v -1.6875 3 -0.187498 
v 1.6875 -3 0.062502 
v -1.6875 -3 0.062502 
v 1.6875 -3 -0.187498 
v -1.6875 -3 -0.187498 

vn -1 0 0 
vn -1 0 0 
vn -1 0 0 
vn -1 0 0 
vn 0 0 1 
vn 0 0 1 
vn 0 0 1 
vn 0 0 1 
vn 0 1 0 
vn 0 1 0 
vn 0 1 0 
vn 0 1 0 
vn 1 0 0 
vn 1 0 0 
vn 1 0 0 
vn 1 0 0 
vn 0 0 -1 
vn 0 0 -1 
vn 0 0 -1 
vn 0 0 -1 
vn 0 -1 0 
vn 0 -1 0 
vn 0 -1 0 
vn 0 -1 0 

vt 2.25 -3 
vt 1.5 -3 
vt 2.25 -3.03125 
vt 1.5 -3.03125 
vt 1.92188 -3 
vt 1.5 -3 
vt 1.92188 -3.75 
vt 1.5 -3.75 
vt 1.92188 -3 
vt 1.5 -3 
vt 1.92188 -3.03125 
vt 1.5 -3.03125 
vt 2.25 -3 
vt 1.5 -3 
vt 2.25 -3.03125 
vt 1.5 -3.03125 
vt 1.92188 -3 
vt 1.5 -3 
vt 1.92188 -3.75 
vt 1.5 -3.75 
vt 1.92188 -3 
vt 1.5 -3 
vt 1.92188 -3.03125 
vt 1.5 -3.03125 

usemtl Union5Mtl

f 1190/1190/1190 1191/1191/1191 1192/1192/1192 
f 1192/1192/1192 1191/1191/1191 1193/1193/1193 
f 1194/1194/1194 1195/1195/1195 1196/1196/1196 
f 1196/1196/1196 1195/1195/1195 1197/1197/1197 
f 1198/1198/1198 1199/1199/1199 1200/1200/1200 
f 1200/1200/1200 1199/1199/1199 1201/1201/1201 
f 1202/1202/1202 1203/1203/1203 1204/1204/1204 
f 1204/1204/1204 1203/1203/1203 1205/1205/1205 
f 1206/1206/1206 1207/1207/1207 1208/1208/1208 
f 1208/1208/1208 1207/1207/1207 1209/1209/1209 
f 1210/1210/1210 1211/1211/1211 1212/1212/1212 
f 1212/1212/1212 1211/1211/1211 1213/1213/1213 

g Part4

v 1.6875 3.25 -0.187502 
v 1.6875 3.25 -0.187502 
v 1.9375 3 -0.187502 
v 1.6875 3 -0.187502 
v 1.6875 3.25 -0.187502 
v 1.6875 3.25 -0.437502 
v 1.6875 3 -0.187502 
v 1.6875 3 -0.437502 
v 1.6875 3.25 -0.437502 
v 1.6875 3.25 -0.437502 
v 1.6875 3 -0.437502 
v 1.9375 3 -0.437502 
v 1.9375 3 -0.437502 
v 1.9375 3 -0.187502 
v 1.6875 3 -0.437502 
v 1.6875 3 -0.187502 
v 1.6875 3.25 -0.437502 
v 1.6875 3.25 -0.187502 
v 1.9375 3 -0.437502 
v 1.9375 3 -0.187502 

vn 0 0 1 
vn 0 0 1 
vn 0 0 1 
vn 0 0 1 
vn -1 0 0 
vn -1 0 0 
vn -1 0 0 
vn -1 0 0 
vn 0 0 -1 
vn 0 0 -1 
vn 0 0 -1 
vn 0 0 -1 
vn 0 -1 0 
vn 0 -1 0 
vn 0 -1 0 
vn 0 -1 0 
vn 0.708661 0.708661 0 
vn 0.708661 0.708661 0 
vn 0.708661 0.708661 0 
vn 0.708661 0.708661 0 

vt 1.25 -2 
vt 1.25 -2 
vt 1.28125 -2.03125 
vt 1.25 -2.03125 
vt 1.28125 -2 
vt 1.25 -2 
vt 1.28125 -2.03125 
vt 1.25 -2.03125 
vt 1.28125 -2 
vt 1.28125 -2 
vt 1.28125 -2.03125 
vt 1.25 -2.03125 
vt 1.28125 -2 
vt 1.25 -2 
vt 1.28125 -2.03125 
vt 1.25 -2.03125 
vt 1.28125 -2 
vt 1.25 -2 
vt 1.28125 -2.04419 
vt 1.25 -2.04419 

usemtl Union5Mtl

f 1214/1214/1214 1215/1215/1215 1216/1216/1216 
f 1216/1216/1216 1215/1215/1215 1217/1217/1217 
f 1218/1218/1218 1219/1219/1219 1220/1220/1220 
f 1220/1220/1220 1219/1219/1219 1221/1221/1221 
f 1222/1222/1222 1223/1223/1223 1224/1224/1224 
f 1224/1224/1224 1223/1223/1223 1225/1225/1225 
f 1226/1226/1226 1227/1227/1227 1228/1228/1228 
f 1228/1228/1228 1227/1227/1227 1229/1229/1229 
f 1230/1230/1230 1231/1231/1231 1232/1232/1232 
f 1232/1232/1232 1231/1231/1231 1233/1233/1233 

g Part5

v -1.9375 3 -0.187502 
v -1.9375 3 -0.187502 
v -1.6875 3.25 -0.187502 
v -1.6875 3 -0.187502 
v -1.9375 3 -0.187502 
v -1.9375 3 -0.437502 
v -1.6875 3 -0.187502 
v -1.6875 3 -0.437502 
v -1.9375 3 -0.437502 
v -1.9375 3 -0.437502 
v -1.6875 3 -0.437502 
v -1.6875 3.25 -0.437502 
v -1.6875 3.25 -0.437502 
v -1.6875 3.25 -0.187502 
v -1.6875 3 -0.437502 
v -1.6875 3 -0.187502 
v -1.9375 3 -0.437502 
v -1.9375 3 -0.187502 
v -1.6875 3.25 -0.437502 
v -1.6875 3.25 -0.187502 

vn 0 0 1 
vn 0 0 1 
vn 0 0 1 
vn 0 0 1 
vn 0 -1 0 
vn 0 -1 0 
vn 0 -1 0 
vn 0 -1 0 
vn 0 0 -1 
vn 0 0 -1 
vn 0 0 -1 
vn 0 0 -1 
vn 1 0 0 
vn 1 0 0 
vn 1 0 0 
vn 1 0 0 
vn -0.708661 0.708661 0 
vn -0.708661 0.708661 0 
vn -0.708661 0.708661 0 
vn -0.708661 0.708661 0 

vt 0.25 0.25 
vt 0.25 0.25 
vt 0.28125 0.21875 
vt 0.25 0.21875 
vt 0.28125 0.25 
vt 0.25 0.25 
vt 0.28125 0.21875 
vt 0.25 0.21875 
vt 0.28125 0.25 
vt 0.28125 0.25 
vt 0.28125 0.21875 
vt 0.25 0.21875 
vt 0.28125 0.25 
vt 0.25 0.25 
vt 0.28125 0.21875 
vt 0.25 0.21875 
vt 0.28125 0.25 
vt 0.25 0.25 
vt 0.28125 0.205806 
vt 0.25 0.205806 

usemtl Union5Mtl

f 1234/1234/1234 1235/1235/1235 1236/1236/1236 
f 1236/1236/1236 1235/1235/1235 1237/1237/1237 
f 1238/1238/1238 1239/1239/1239 1240/1240/1240 
f 1240/1240/1240 1239/1239/1239 1241/1241/1241 
f 1242/1242/1242 1243/1243/1243 1244/1244/1244 
f 1244/1244/1244 1243/1243/1243 1245/1245/1245 
f 1246/1246/1246 1247/1247/1247 1248/1248/1248 
f 1248/1248/1248 1247/1247/1247 1249/1249/1249 
f 1250/1250/1250 1251/1251/1251 1252/1252/1252 
f 1252/1252/1252 1251/1251/1251 1253/1253/1253 

g Part6

v 1.9375 -3 -0.187502 
v 1.9375 -3 -0.187502 
v 1.6875 -3.25 -0.187502 
v 1.6875 -3 -0.187502 
v 1.9375 -3 -0.187502 
v 1.9375 -3 -0.437502 
v 1.6875 -3 -0.187502 
v 1.6875 -3 -0.437502 
v 1.9375 -3 -0.437502 
v 1.9375 -3 -0.437502 
v 1.6875 -3 -0.437502 
v 1.6875 -3.25 -0.437502 
v 1.6875 -3.25 -0.437502 
v 1.6875 -3.25 -0.187502 
v 1.6875 -3 -0.437502 
v 1.6875 -3 -0.187502 
v 1.9375 -3 -0.437502 
v 1.9375 -3 -0.187502 
v 1.6875 -3.25 -0.437502 
v 1.6875 -3.25 -0.187502 

vn 0 0 1 
vn 0 0 1 
vn 0 0 1 
vn 0 0 1 
vn 0 1 0 
vn 0 1 0 
vn 0 1 0 
vn 0 1 0 
vn 0 0 -1 
vn 0 0 -1 
vn 0 0 -1 
vn 0 0 -1 
vn -1 0 0 
vn -1 0 0 
vn -1 0 0 
vn -1 0 0 
vn 0.708661 -0.708661 0 
vn 0.708661 -0.708661 0 
vn 0.708661 -0.708661 0 
vn 0.708661 -0.708661 0 

vt 3.25 -1.25 
vt 3.25 -1.25 
vt 3.28125 -1.28125 
vt 3.25 -1.28125 
vt 3.28125 -1.25 
vt 3.25 -1.25 
vt 3.28125 -1.28125 
vt 3.25 -1.28125 
vt 3.28125 -1.25 
vt 3.28125 -1.25 
vt 3.28125 -1.28125 
vt 3.25 -1.28125 
vt 3.28125 -1.25 
vt 3.25 -1.25 
vt 3.28125 -1.28125 
vt 3.25 -1.28125 
vt 3.28125 -1.25 
vt 3.25 -1.25 
vt 3.28125 -1.29419 
vt 3.25 -1.29419 

usemtl Union5Mtl

f 1254/1254/1254 1255/1255/1255 1256/1256/1256 
f 1256/1256/1256 1255/1255/1255 1257/1257/1257 
f 1258/1258/1258 1259/1259/1259 1260/1260/1260 
f 1260/1260/1260 1259/1259/1259 1261/1261/1261 
f 1262/1262/1262 1263/1263/1263 1264/1264/1264 
f 1264/1264/1264 1263/1263/1263 1265/1265/1265 
f 1266/1266/1266 1267/1267/1267 1268/1268/1268 
f 1268/1268/1268 1267/1267/1267 1269/1269/1269 
f 1270/1270/1270 1271/1271/1271 1272/1272/1272 
f 1272/1272/1272 1271/1271/1271 1273/1273/1273 

g Part7

v -1.6875 -3.25 -0.187498 
v -1.6875 3.25 -0.187498 
v -1.6875 -3.25 -0.437498 
v -1.6875 3.25 -0.437498 
v 1.6875 3.25 -0.187498 
v -1.6875 3.25 -0.187498 
v 1.6875 -3.25 -0.187498 
v -1.6875 -3.25 -0.187498 
v -1.6875 3.25 -0.187498 
v 1.6875 3.25 -0.187498 
v -1.6875 3.25 -0.437498 
v 1.6875 3.25 -0.437498 
v 1.6875 3.25 -0.187498 
v 1.6875 -3.25 -0.187498 
v 1.6875 3.25 -0.437498 
v 1.6875 -3.25 -0.437498 
v 1.6875 -3.25 -0.437498 
v -1.6875 -3.25 -0.437498 
v 1.6875 3.25 -0.437498 
v -1.6875 3.25 -0.437498 
v 1.6875 -3.25 -0.187498 
v -1.6875 -3.25 -0.187498 
v 1.6875 -3.25 -0.437498 
v -1.6875 -3.25 -0.437498 

vn -1 0 0 
vn -1 0 0 
vn -1 0 0 
vn -1 0 0 
vn 0 0 1 
vn 0 0 1 
vn 0 0 1 
vn 0 0 1 
vn 0 1 0 
vn 0 1 0 
vn 0 1 0 
vn 0 1 0 
vn 1 0 0 
vn 1 0 0 
vn 1 0 0 
vn 1 0 0 
vn 0 0 -1 
vn 0 0 -1 
vn 0 0 -1 
vn 0 0 -1 
vn 0 -1 0 
vn 0 -1 0 
vn 0 -1 0 
vn 0 -1 0 

vt 5.0625 -1.75 
vt 4.25 -1.75 
vt 5.0625 -1.78125 
vt 4.25 -1.78125 
vt 4.67188 -1.75 
vt 4.25 -1.75 
vt 4.67188 -2.5625 
vt 4.25 -2.5625 
vt 4.67188 -1.75 
vt 4.25 -1.75 
vt 4.67188 -1.78125 
vt 4.25 -1.78125 
vt 5.0625 -1.75 
vt 4.25 -1.75 
vt 5.0625 -1.78125 
vt 4.25 -1.78125 
vt 4.67188 -1.75 
vt 4.25 -1.75 
vt 4.67188 -2.5625 
vt 4.25 -2.5625 
vt 4.67188 -1.75 
vt 4.25 -1.75 
vt 4.67188 -1.78125 
vt 4.25 -1.78125 

usemtl Union5Mtl

f 1274/1274/1274 1275/1275/1275 1276/1276/1276 
f 1276/1276/1276 1275/1275/1275 1277/1277/1277 
f 1278/1278/1278 1279/1279/1279 1280/1280/1280 
f 1280/1280/1280 1279/1279/1279 1281/1281/1281 
f 1282/1282/1282 1283/1283/1283 1284/1284/1284 
f 1284/1284/1284 1283/1283/1283 1285/1285/1285 
f 1286/1286/1286 1287/1287/1287 1288/1288/1288 
f 1288/1288/1288 1287/1287/1287 1289/1289/1289 
f 1290/1290/1290 1291/1291/1291 1292/1292/1292 
f 1292/1292/1292 1291/1291/1291 1293/1293/1293 
f 1294/1294/1294 1295/1295/1295 1296/1296/1296 
f 1296/1296/1296 1295/1295/1295 1297/1297/1297 

g Part8

v -1.6875 -3.25 -0.187502 
v -1.6875 -3.25 -0.187502 
v -1.9375 -3 -0.187502 
v -1.6875 -3 -0.187502 
v -1.6875 -3.25 -0.187502 
v -1.6875 -3.25 -0.437502 
v -1.6875 -3 -0.187502 
v -1.6875 -3 -0.437502 
v -1.6875 -3.25 -0.437502 
v -1.6875 -3.25 -0.437502 
v -1.6875 -3 -0.437502 
v -1.9375 -3 -0.437502 
v -1.9375 -3 -0.437502 
v -1.9375 -3 -0.187502 
v -1.6875 -3 -0.437502 
v -1.6875 -3 -0.187502 
v -1.6875 -3.25 -0.437502 
v -1.6875 -3.25 -0.187502 
v -1.9375 -3 -0.437502 
v -1.9375 -3 -0.187502 

vn 0 0 1 
vn 0 0 1 
vn 0 0 1 
vn 0 0 1 
vn 1 0 0 
vn 1 0 0 
vn 1 0 0 
vn 1 0 0 
vn 0 0 -1 
vn 0 0 -1 
vn 0 0 -1 
vn 0 0 -1 
vn 0 1 0 
vn 0 1 0 
vn 0 1 0 
vn 0 1 0 
vn -0.708661 -0.708661 0 
vn -0.708661 -0.708661 0 
vn -0.708661 -0.708661 0 
vn -0.708661 -0.708661 0 

vt 1 -3.5 
vt 1 -3.5 
vt 1.03125 -3.53125 
vt 1 -3.53125 
vt 1.03125 -3.5 
vt 1 -3.5 
vt 1.03125 -3.53125 
vt 1 -3.53125 
vt 1.03125 -3.5 
vt 1.03125 -3.5 
vt 1.03125 -3.53125 
vt 1 -3.53125 
vt 1.03125 -3.5 
vt 1 -3.5 
vt 1.03125 -3.53125 
vt 1 -3.53125 
vt 1.03125 -3.5 
vt 1 -3.5 
vt 1.03125 -3.54419 
vt 1 -3.54419 

usemtl Union5Mtl

f 1298/1298/1298 1299/1299/1299 1300/1300/1300 
f 1300/1300/1300 1299/1299/1299 1301/1301/1301 
f 1302/1302/1302 1303/1303/1303 1304/1304/1304 
f 1304/1304/1304 1303/1303/1303 1305/1305/1305 
f 1306/1306/1306 1307/1307/1307 1308/1308/1308 
f 1308/1308/1308 1307/1307/1307 1309/1309/1309 
f 1310/1310/1310 1311/1311/1311 1312/1312/1312 
f 1312/1312/1312 1311/1311/1311 1313/1313/1313 
f 1314/1314/1314 1315/1315/1315 1316/1316/1316 
f 1316/1316/1316 1315/1315/1315 1317/1317/1317 

g Part9

v -1.9375 -3 -0.187498 
v -1.9375 3 -0.187498 
v -1.9375 -3 -0.437498 
v -1.9375 3 -0.437498 
v 1.9375 3 -0.187498 
v -1.9375 3 -0.187498 
v 1.9375 -3 -0.187498 
v -1.9375 -3 -0.187498 
v -1.9375 3 -0.187498 
v 1.9375 3 -0.187498 
v -1.9375 3 -0.437498 
v 1.9375 3 -0.437498 
v 1.9375 3 -0.187498 
v 1.9375 -3 -0.187498 
v 1.9375 3 -0.437498 
v 1.9375 -3 -0.437498 
v 1.9375 -3 -0.437498 
v -1.9375 -3 -0.437498 
v 1.9375 3 -0.437498 
v -1.9375 3 -0.437498 
v 1.9375 -3 -0.187498 
v -1.9375 -3 -0.187498 
v 1.9375 -3 -0.437498 
v -1.9375 -3 -0.437498 

vn -1 0 0 
vn -1 0 0 
vn -1 0 0 
vn -1 0 0 
vn 0 0 1 
vn 0 0 1 
vn 0 0 1 
vn 0 0 1 
vn 0 1 0 
vn 0 1 0 
vn 0 1 0 
vn 0 1 0 
vn 1 0 0 
vn 1 0 0 
vn 1 0 0 
vn 1 0 0 
vn 0 0 -1 
vn 0 0 -1 
vn 0 0 -1 
vn 0 0 -1 
vn 0 -1 0 
vn 0 -1 0 
vn 0 -1 0 
vn 0 -1 0 

vt 2.5 -3.75 
vt 1.75 -3.75 
vt 2.5 -3.78125 
vt 1.75 -3.78125 
vt 2.23438 -3.75 
vt 1.75 -3.75 
vt 2.23438 -4.5 
vt 1.75 -4.5 
vt 2.23438 -3.75 
vt 1.75 -3.75 
vt 2.23438 -3.78125 
vt 1.75 -3.78125 
vt 2.5 -3.75 
vt 1.75 -3.75 
vt 2.5 -3.78125 
vt 1.75 -3.78125 
vt 2.23438 -3.75 
vt 1.75 -3.75 
vt 2.23438 -4.5 
vt 1.75 -4.5 
vt 2.23438 -3.75 
vt 1.75 -3.75 
vt 2.23438 -3.78125 
vt 1.75 -3.78125 

usemtl Union5Mtl

f 1318/1318/1318 1319/1319/1319 1320/1320/1320 
f 1320/1320/1320 1319/1319/1319 1321/1321/1321 
f 1322/1322/1322 1323/1323/1323 1324/1324/1324 
f 1324/1324/1324 1323/1323/1323 1325/1325/1325 
f 1326/1326/1326 1327/1327/1327 1328/1328/1328 
f 1328/1328/1328 1327/1327/1327 1329/1329/1329 
f 1330/1330/1330 1331/1331/1331 1332/1332/1332 
f 1332/1332/1332 1331/1331/1331 1333/1333/1333 
f 1334/1334/1334 1335/1335/1335 1336/1336/1336 
f 1336/1336/1336 1335/1335/1335 1337/1337/1337 
f 1338/1338/1338 1339/1339/1339 1340/1340/1340 
f 1340/1340/1340 1339/1339/1339 1341/1341/1341 

g Part10

v -1.6875 -3 0.062502 
v -1.6875 -3 0.062502 
v -1.6875 -3.25 -0.187498 
v -1.6875 -3 -0.187498 
v -1.6875 -3 0.062502 
v 1.6875 -3 0.062502 
v -1.6875 -3 -0.187498 
v 1.6875 -3 -0.187498 
v 1.6875 -3 0.062502 
v 1.6875 -3 0.062502 
v 1.6875 -3 -0.187498 
v 1.6875 -3.25 -0.187498 
v 1.6875 -3.25 -0.187498 
v -1.6875 -3.25 -0.187498 
v 1.6875 -3 -0.187498 
v -1.6875 -3 -0.187498 
v 1.6875 -3 0.062502 
v -1.6875 -3 0.062502 
v 1.6875 -3.25 -0.187498 
v -1.6875 -3.25 -0.187498 

vn -1 0 0 
vn -1 0 0 
vn -1 0 0 
vn -1 0 0 
vn 0 1 0 
vn 0 1 0 
vn 0 1 0 
vn 0 1 0 
vn 1 0 0 
vn 1 0 0 
vn 1 0 0 
vn 1 0 0 
vn 0 0 -1 
vn 0 0 -1 
vn 0 0 -1 
vn 0 0 -1 
vn 0 -0.708661 0.708661 
vn 0 -0.708661 0.708661 
vn 0 -0.708661 0.708661 
vn 0 -0.708661 0.708661 

vt 4.5 -2 
vt 4.5 -2 
vt 4.53125 -2.03125 
vt 4.5 -2.03125 
vt 4.92188 -2 
vt 4.5 -2 
vt 4.92188 -2.03125 
vt 4.5 -2.03125 
vt 4.53125 -2 
vt 4.53125 -2 
vt 4.53125 -2.03125 
vt 4.5 -2.03125 
vt 4.92188 -2 
vt 4.5 -2 
vt 4.92188 -2.03125 
vt 4.5 -2.03125 
vt 4.92188 -2 
vt 4.5 -2 
vt 4.92188 -2.04419 
vt 4.5 -2.04419 

usemtl Union5Mtl

f 1342/1342/1342 1343/1343/1343 1344/1344/1344 
f 1344/1344/1344 1343/1343/1343 1345/1345/1345 
f 1346/1346/1346 1347/1347/1347 1348/1348/1348 
f 1348/1348/1348 1347/1347/1347 1349/1349/1349 
f 1350/1350/1350 1351/1351/1351 1352/1352/1352 
f 1352/1352/1352 1351/1351/1351 1353/1353/1353 
f 1354/1354/1354 1355/1355/1355 1356/1356/1356 
f 1356/1356/1356 1355/1355/1355 1357/1357/1357 
f 1358/1358/1358 1359/1359/1359 1360/1360/1360 
f 1360/1360/1360 1359/1359/1359 1361/1361/1361 

g Part11

v 1.6875 3 0.062502 
v 1.6875 3 0.062502 
v 1.6875 3.25 -0.187498 
v 1.6875 3 -0.187498 
v 1.6875 3 0.062502 
v -1.6875 3 0.062502 
v 1.6875 3 -0.187498 
v -1.6875 3 -0.187498 
v -1.6875 3 0.062502 
v -1.6875 3 0.062502 
v -1.6875 3 -0.187498 
v -1.6875 3.25 -0.187498 
v -1.6875 3.25 -0.187498 
v 1.6875 3.25 -0.187498 
v -1.6875 3 -0.187498 
v 1.6875 3 -0.187498 
v -1.6875 3 0.062502 
v 1.6875 3 0.062502 
v -1.6875 3.25 -0.187498 
v 1.6875 3.25 -0.187498 

vn 1 0 0 
vn 1 0 0 
vn 1 0 0 
vn 1 0 0 
vn 0 -1 0 
vn 0 -1 0 
vn 0 -1 0 
vn 0 -1 0 
vn -1 0 0 
vn -1 0 0 
vn -1 0 0 
vn -1 0 0 
vn 0 0 -1 
vn 0 0 -1 
vn 0 0 -1 
vn 0 0 -1 
vn 0 0.708661 0.708661 
vn 0 0.708661 0.708661 
vn 0 0.708661 0.708661 
vn 0 0.708661 0.708661 

vt 7 -5.75 
vt 7 -5.75 
vt 7.03125 -5.78125 
vt 7 -5.78125 
vt 7.42188 -5.75 
vt 7 -5.75 
vt 7.42188 -5.78125 
vt 7 -5.78125 
vt 7.03125 -5.75 
vt 7.03125 -5.75 
vt 7.03125 -5.78125 
vt 7 -5.78125 
vt 7.42188 -5.75 
vt 7 -5.75 
vt 7.42188 -5.78125 
vt 7 -5.78125 
vt 7.42188 -5.75 
vt 7 -5.75 
vt 7.42188 -5.79419 
vt 7 -5.79419 

usemtl Union5Mtl

f 1362/1362/1362 1363/1363/1363 1364/1364/1364 
f 1364/1364/1364 1363/1363/1363 1365/1365/1365 
f 1366/1366/1366 1367/1367/1367 1368/1368/1368 
f 1368/1368/1368 1367/1367/1367 1369/1369/1369 
f 1370/1370/1370 1371/1371/1371 1372/1372/1372 
f 1372/1372/1372 1371/1371/1371 1373/1373/1373 
f 1374/1374/1374 1375/1375/1375 1376/1376/1376 
f 1376/1376/1376 1375/1375/1375 1377/1377/1377 
f 1378/1378/1378 1379/1379/1379 1380/1380/1380 
f 1380/1380/1380 1379/1379/1379 1381/1381/1381 

